-- phpMyAdmin SQL Dump
-- version 5.2.1
-- https://www.phpmyadmin.net/
--
-- Host: localhost:3306
-- Generation Time: Jul 12, 2024 at 07:00 PM
-- Server version: 10.5.20-MariaDB
-- PHP Version: 7.3.33

SET SQL_MODE = "NO_AUTO_VALUE_ON_ZERO";
START TRANSACTION;
SET time_zone = "+00:00";


/*!40101 SET @OLD_CHARACTER_SET_CLIENT=@@CHARACTER_SET_CLIENT */;
/*!40101 SET @OLD_CHARACTER_SET_RESULTS=@@CHARACTER_SET_RESULTS */;
/*!40101 SET @OLD_COLLATION_CONNECTION=@@COLLATION_CONNECTION */;
/*!40101 SET NAMES utf8mb4 */;

--
-- Database: `id21766189_keepnote`
--

-- --------------------------------------------------------

--
-- Table structure for table `downloads`
--

CREATE TABLE `downloads` (
  `id` varchar(25) NOT NULL,
  `user_id` varchar(25) NOT NULL,
  `config` varchar(25) NOT NULL,
  `notes_id` tinytext NOT NULL,
  `created_at` datetime NOT NULL DEFAULT current_timestamp()
) ENGINE=InnoDB DEFAULT CHARSET=utf8 COLLATE=utf8_unicode_ci;

--
-- Dumping data for table `downloads`
--

INSERT INTO `downloads` (`id`, `user_id`, `config`, `notes_id`, `created_at`) VALUES
('2VuTr2ks', 'Vv8SB1gb', 'json', 'sGqeE6Fl,L4sXMfvO', '2024-01-10 12:54:56'),
('4GxnKK7I', 'MJ2bgDpS', 'xml', 'mFgqw3xi,nGzRdUih,ZoBUpqJH,0xKnRckL', '2024-03-24 02:27:20'),
('4vkHwrmV', '4NUMTmFC', 'xml', 'niHTP0us,AHgbMMh5,zetbEpiC', '2024-01-14 10:00:30'),
('7d81RpXG', 'QHLrZ2Ge', 'json', '11lLFJxU', '2024-02-02 15:17:47'),
('87rpns8q', 'Vv8SB1gb', 'json', 'rNPMYnt4', '2024-01-18 10:33:41'),
('AHxyDdGa', 'MJ2bgDpS', 'json', 'rbziuPYu,ZoBUpqJH,0xKnRckL', '2024-01-10 14:48:20'),
('BngOxCV7', 'YOAkaOxH', 'json', 'pHohuFRf,sWjWpIXf,OcM2zgzs', '2024-04-28 18:51:34'),
('BTTVuB9b', 'QHLrZ2Ge', 'xml', 'jYKM23ot', '2024-01-10 18:56:59'),
('by3LBZ2q', 'DW4BCqhy', 'xml', 'RKS6dlSM', '2024-01-10 18:23:14'),
('Ep2LAMif', 'MJ2bgDpS', 'json', 'oMAjb8Y3,qiDbIn1l,BhBZE1Ll,note_0gBf245s', '2024-04-28 18:50:52'),
('fo2MFQXI', 'xrlF5OD1', 'xml', 'XTpV06Ub', '2024-01-10 14:27:53'),
('GurjlHGG', 'Vv8SB1gb', 'json', '9HA0Gk1N,xuUhcCNw,L4sXMfvO,sGqeE6Fl', '2024-01-15 09:06:43'),
('ha1PqxaU', 'MJ2bgDpS', 'json', 'Ku4i1mu3,note_0gBf245s,note_73XRFtSt,note_JiYGx8xP,k8ltS6X9,note_awB01MGb,QfiZf67g,Rst9LQrs,dHJE6kBm,qKDjc0i1', '2024-04-09 07:17:19'),
('hlj0CaVM', 'Vv8SB1gb', 'json', 'oEFuHH4b', '2024-01-19 18:06:12'),
('IV1DnrP9', 'DW4BCqhy', 'xml', 'RKS6dlSM', '2024-01-10 19:51:22'),
('jV3LgPrl', 'Jth0Dg9a', 'xml', 'gp81GLes,5Oknb1cj', '2024-01-11 09:15:04'),
('k8CN0g9C', 'MJ2bgDpS', 'json', 'Ds6t8nbp,frK23vld,qiDbIn1l,BhBZE1Ll,note_0gBf245s,Ku4i1mu3', '2024-04-17 21:38:46'),
('KCLUamnv', 'pHIqCoGZ', 'json', 'BSTJo97E,note_kdx25YdW', '2024-04-07 15:29:41'),
('Ki9c9YQr', 'HCfIaoOx', 'json', 'dO18wBof,LEzaCmNx,nuvKbREX,zAKoRGhS,YjMkz7xt,MRoSafpN,sYXcwohC,lcWGntk9,bYobRY5q,notes_6oYH1cg3', '2024-03-25 23:39:21'),
('mClrcT4i', 'HCfIaoOx', 'xml', '9o5wtV1A,Aw6ISDGQ', '2024-03-25 22:40:45'),
('oK1O00Yx', 'MJ2bgDpS', 'json', 'Atw5gRTk,NM8hd2wS,WCzYaVCW,sAMdjEvj', '2024-06-19 10:54:36'),
('ovhdicjQ', 'HCfIaoOx', 'json', 'eBlyJiDW,zXKhq20u,UJBWKe3A,2Nv9LTE1,2csqcRMs,VVTYaNud', '2024-01-12 10:28:45'),
('P5EiQujG', '4NUMTmFC', 'json', 'niHTP0us,AHgbMMh5,zetbEpiC', '2024-01-14 09:59:59'),
('q2GdD5v2', 'DW4BCqhy', 'xml', 'RKS6dlSM', '2024-01-10 20:11:18'),
('QjzBg6iK', 'Vv8SB1gb', 'xml', 'xuUhcCNw,9HA0Gk1N,L4sXMfvO,sGqeE6Fl', '2024-01-15 09:07:57'),
('R18zbWN1', 'DW4BCqhy', 'xml', 'RKS6dlSM', '2024-01-10 18:22:01'),
('seJDtBJH', 'HCfIaoOx', 'json', 'sYXcwohC,iGY6keef,lcWGntk9,bYobRY5q,p3NDkwuq,6oYH1cg3,G6uZwqWa', '2024-02-04 08:04:27'),
('SOmBGctd', 'MJ2bgDpS', 'json', 'note_awB01MGb', '2024-03-31 12:35:34'),
('TfnoenVQ', 'Vv8SB1gb', 'xml', 'xuUhcCNw', '2024-01-15 09:01:24'),
('TLvbejJ1', 'Vv8SB1gb', 'json', 'xuUhcCNw,9HA0Gk1N,L4sXMfvO,sGqeE6Fl', '2024-01-15 09:07:07'),
('uFNQrRH6', 'HCfIaoOx', 'xml', 'MRoSafpN,sYXcwohC,bYobRY5q,G6uZwqWa', '2024-02-11 21:45:33'),
('xgVYhLY9', 'Vv8SB1gb', 'xml', 'rNPMYnt4', '2024-01-18 10:34:15'),
('z7yBYDP1', 'HCfIaoOx', 'json', 'TC5LXNqZ,JzjcTe2x,iE1699N1', '2024-04-16 20:29:30');

-- --------------------------------------------------------

--
-- Table structure for table `redirections`
--

CREATE TABLE `redirections` (
  `id` varchar(25) NOT NULL,
  `visitor_id` varchar(25) NOT NULL,
  `target` varchar(25) NOT NULL,
  `created_at` datetime NOT NULL DEFAULT current_timestamp()
) ENGINE=InnoDB DEFAULT CHARSET=utf8 COLLATE=utf8_unicode_ci;

--
-- Dumping data for table `redirections`
--

INSERT INTO `redirections` (`id`, `visitor_id`, `target`, `created_at`) VALUES
('02DWKvuy', 'VZTis3tU', 'whatsapp', '2024-03-24 21:52:48'),
('1g16pMPp', 'Df2nJMOi', 'whatsapp', '2024-03-24 22:30:37'),
('2IZJdAZ8', 'HCfIaoOx', 'whatsapp', '2024-04-05 12:23:46'),
('2KydXjDq', 'MJ2bgDpS', 'whatsapp', '2024-04-29 14:57:36'),
('7W7aQwyh', 'AsyK81w4', 'whatsapp', '2024-04-29 14:53:34'),
('8GCVMi21', 'yDCM7mBp', 'whatsapp', '2024-04-07 13:28:38'),
('8KUwiOIw', 'FAL1kMPv', 'email', '2024-03-27 13:01:21'),
('ake6ZF3T', 'MRqJ67KE', 'email', '2024-06-18 10:43:17'),
('B8V6P6Jg', 'YB5ewYdw', 'email', '2024-04-18 16:12:10'),
('cwD2izlC', 'X6wnFDb3', 'whatsapp', '2024-03-24 22:06:01'),
('DXdLW2km', 'pHIqCoGZ', 'whatsapp', '2024-04-03 17:28:14'),
('e0ytTgvP', 'F6MsWo91', 'email', '2024-04-06 19:32:35'),
('EVSephUB', 'MRqJ67KE', 'email', '2024-07-05 13:32:53'),
('g4UfbZc9', 'f6d3O6MO', 'email', '2024-03-24 22:31:18'),
('G5XJWWaf', '1FTiHKdM', 'whatsapp', '2024-05-25 18:39:33'),
('Gm72M1Hg', 'TNRBy7BN', 'whatsapp', '2024-03-24 22:30:31'),
('GRxadbB2', 'FAL1kMPv', 'whatsapp', '2024-03-27 13:01:41'),
('HhW4sV3M', '1rIRq7Yw', 'whatsapp', '2024-04-06 19:31:56'),
('I8QkxP4r', 'ZQDO9XQU', 'whatsapp', '2024-04-06 19:31:56'),
('J7uKbyxm', '7TAT5DKb', 'whatsapp', '2024-04-07 13:28:37'),
('kDVbibTb', 'MRqJ67KE', 'email', '2024-06-18 10:46:42'),
('kEpiLFJn', '6QuQDMST', 'email', '2024-03-24 22:31:20'),
('l3F9Ga3i', 'equZyHe0', 'email', '2024-04-06 19:32:35'),
('ovelouwk', 'Oj5NKWb0', 'email', '2024-06-01 01:17:36'),
('QzTICNgI', 'MJ2bgDpS', 'email', '2024-04-29 14:57:46'),
('r9e8uPsZ', 'lIRftiQi', 'email', '2024-04-06 19:32:34'),
('TFtLdTuF', 'MJ2bgDpS', 'email', '2024-04-29 14:59:04'),
('vJLe7iZ2', '8CxVYGwu', 'whatsapp', '2024-05-25 18:39:35'),
('vpDFYNcc', 'wXmoMFtN', 'email', '2024-04-06 19:32:34'),
('ZtFgZSg9', 'MJ2bgDpS', 'whatsapp', '2024-04-09 07:26:19');

-- --------------------------------------------------------

--
-- Table structure for table `remember_me`
--

CREATE TABLE `remember_me` (
  `id` varchar(25) NOT NULL,
  `user_id` varchar(25) NOT NULL,
  `token` tinytext NOT NULL,
  `created_at` datetime NOT NULL DEFAULT current_timestamp()
) ENGINE=InnoDB DEFAULT CHARSET=utf8 COLLATE=utf8_unicode_ci;

--
-- Dumping data for table `remember_me`
--

INSERT INTO `remember_me` (`id`, `user_id`, `token`, `created_at`) VALUES
('01Vmlxre', 'MJ2bgDpS', '9b45417964b12324c89bf2e326f3a6da', '2024-06-26 12:23:41'),
('0Ol98wqB', 'MJ2bgDpS', 'eb34047a84660053a1d11515bd39e818', '2024-03-24 02:06:20'),
('2RwuJQnV', 'MJ2bgDpS', '8158096ba9713487a127219e997cd18a', '2024-04-09 07:31:59'),
('58fQ0OJn', 'jDx4uQd7', '1646a1db26fe3ceadc1b54cad5cbde81', '2024-03-24 22:19:31'),
('6AsZhMfH', 'oWZSJMWF', 'ada00e076cdc88badb6d350740fbf8cc', '2024-06-11 10:07:21'),
('71hhll8P', 'oWZSJMWF', '6f028b53fa75dc9ec170ccca8a34c50a', '2024-06-11 10:08:32'),
('8e75efNM', 'HCfIaoOx', '65d1bc2dbe66c531d8f9fd54629642d4', '2024-04-01 23:34:04'),
('AZKI6HM8', 'WLHqTssR', 'e6b1046a0d4ef18221340bc9b80de4a5', '2024-04-01 23:06:24'),
('B2ugeP0f', 'MJ2bgDpS', '593fc7bfbb5848bafb06f5d76012ea1c', '2024-05-25 19:48:09'),
('BDFzJ8z1', 'MJ2bgDpS', '6c69cf2bc57648e5d5c69cef002374a6', '2024-05-25 19:47:02'),
('BEUTU03t', 'MJ2bgDpS', '12b6e20658047e64a4542ce169c3039a', '2024-04-09 07:30:55'),
('BMTWYwRK', 'HCfIaoOx', '1f326ca376e81f364a31bc08a5ada352', '2024-04-02 08:30:36'),
('BNI0wL2Y', 'MJ2bgDpS', 'b1e77c75571540be12f9dfac2c890c38', '2024-04-07 11:13:25'),
('CnCnVST9', 'HCfIaoOx', '5c4f35f7211bee0dc9bcc1619e970a8c', '2024-03-24 23:55:16'),
('Cq6x0Pj9', '4NUMTmFC', '457e420509d7b67560acab10d2e1dc58', '2024-03-24 19:09:42'),
('cSCKreOG', 'HCfIaoOx', 'e9fc8abad2ca460c9ceb5be86bc11b0e', '2024-03-24 10:47:26'),
('DKW3LMJK', 'HCfIaoOx', 'c37a8eceaafd30799b2d56c18e4c0a16', '2024-04-09 07:57:37'),
('efUChCtT', 'MJ2bgDpS', '9867483de122d3c06b6725e94a9f7941', '2024-03-24 17:49:30'),
('eRfk2Tam', 'NZyd1yIw', 'f601e3fdc4402bf5fda44b8d4feb94d7', '2024-05-03 17:34:30'),
('FESlXYCG', 'MRqJ67KE', '4ca6773892a07969c164070bd0d5a09f', '2024-06-18 10:42:12'),
('FOfB3Rti', 'MJ2bgDpS', 'df91ee5fb24aecd103fca8c5dfd62c9c', '2024-07-04 15:38:54'),
('GjYz1AmW', 'MJ2bgDpS', '3e5a0aae81ded5886a403cd53f598a5d', '2024-04-28 19:15:35'),
('Gq0RWKnK', 'MRqJ67KE', '4437e377a495491d634d6d552ee1f512', '2024-07-04 16:15:39'),
('h2TwPUMw', 'MJ2bgDpS', '66b7b15ac572c8a7b827c274885bb9c5', '2024-05-25 18:41:29'),
('hhOFqAmC', 'MJ2bgDpS', '7cdc7543a16b68751dafa3ea8e0f2182', '2024-03-24 01:27:57'),
('HqVYV5Y7', 'HCfIaoOx', 'ab3e3f30b92608485c023aa3276f8f5d', '2024-03-24 03:20:44'),
('hxkc3A3I', 'MJ2bgDpS', 'e30e8d8cd6416f67c7735d9eaaf2f6c3', '2024-03-24 02:54:36'),
('IbQjAseZ', 'MJ2bgDpS', 'de1333ffc71111e2d008f2793e82c1ad', '2024-07-05 11:40:27'),
('JCi7eRt8', '4NUMTmFC', '416bd9891e952e1f4bc419a8e23fd482', '2024-03-26 13:10:15'),
('KRf2BHW9', 'FAL1kMPv', '39b365405b9bb0f626783d6d12e6b5bc', '2024-03-27 12:50:50'),
('MLgAXEXM', '4NUMTmFC', 'c9460472b88cb1aa67ef06a230780e4d', '2024-05-01 08:46:41'),
('MZu9towM', 'MJ2bgDpS', 'ff6580f953f4d2a7764b423b4262ff15', '2024-06-19 09:05:51'),
('OPvCzKga', 'MJ2bgDpS', '2c3addd854c037ce25e69d8804d70cb9', '2024-04-07 15:43:24'),
('OtUxC2O9', 'MJ2bgDpS', '9c53e43e5144d99eaeecf226e5787432', '2024-05-25 19:47:18'),
('pFodvo9K', 'MJ2bgDpS', '3fba77eda0a45c56bc558abf653ab84e', '2024-03-24 02:53:43'),
('pH8ytyn0', '1FTiHKdM', '4ce5399dc33cd1f9d6308342152b80e9', '2024-05-25 18:42:38'),
('PLwmcnbi', 'xIQrh1PZ', '8cdf0173a388cee2a27e087d43f7c724', '2024-04-17 11:06:18'),
('POtOMuJC', 'MJ2bgDpS', 'd6915ea0bd6d5d753fa73aa388a3f385', '2024-05-19 22:53:05'),
('QBcfcBaN', 'MJ2bgDpS', '98a0e877d5065fa9e0d4430e3f39d2ee', '2024-06-19 10:50:49'),
('qX4r4vqE', 'HCfIaoOx', 'ada3279fba730b2d20ff82705d3fa11c', '2024-03-31 12:41:08'),
('rbpJxkQJ', 'pHIqCoGZ', '139289915b05523d4c280c66858ad0ed', '2024-04-03 17:26:16'),
('S3fKd0TS', '7TAT5DKb', '394f37f0f4b0fc5b55cfad96843c9cf7', '2024-04-06 19:35:40'),
('sMjG78Ee', 'gHcMpd22', 'f8769fa94984470d23f87ca8510cc1d0', '2024-06-19 11:02:51'),
('SOl9zvTz', 'MJ2bgDpS', '0cc2d29b75fcbf6e7035c4b617cc3d3d', '2024-06-15 12:14:21'),
('sx8Y8ono', 'MJ2bgDpS', 'd5608477050134c281b77e086390ce38', '2024-07-06 13:48:40'),
('TPwARasr', 'YOAkaOxH', '71339e180f9d18a800778f822fd40562', '2024-04-16 20:31:36'),
('tSi1vTIX', '1FTiHKdM', '081f4063607963ad942fa6b6c5610ad1', '2024-05-25 18:44:51'),
('U48nembl', 'HCfIaoOx', '6b255a89fd87c7e78c41cdc04ed6789f', '2024-03-24 22:29:48'),
('u5DNY6cG', 'HCfIaoOx', 'b58ca18e70d471e2a64940488f04c738', '2024-03-31 12:36:29'),
('uKyiQbhu', 'pHIqCoGZ', '3bfbcf44e7b3f1408283da99ef3d0637', '2024-03-31 15:27:47'),
('urN3A34X', 'HCfIaoOx', '5bb8c46102abe0076b108165d94e3a29', '2024-03-24 10:23:45'),
('UsKXM1sT', 'MJ2bgDpS', 'e102e94aa79cb2af79342586cbee450a', '2024-06-19 10:41:28'),
('UxIPaL2f', 'MJ2bgDpS', '1b4bf017b9d6330c634288e104eba41e', '2024-03-24 02:49:34'),
('VG56OEWr', 'MJ2bgDpS', '34b4acb3caa554155aa20852f4e9415d', '2024-07-05 17:17:44'),
('wuC3wCHq', 'MJ2bgDpS', '79a9fe21e7668987c7fdd5483ed73fc5', '2024-07-01 15:36:08'),
('x2DLaZRS', 'MJ2bgDpS', '7f2380f44ff18baa39508211ce66fc06', '2024-04-07 18:21:08'),
('xfjBmGWh', 'HCfIaoOx', '132313d834c1259b381c9d78fc84b92d', '2024-03-24 22:22:14'),
('XkmdMfcE', 'HCfIaoOx', '6491563516479989577a16c6fa1a1dfa', '2024-04-01 23:50:46'),
('ZlY2pFW3', 'HCfIaoOx', '4bf449a99d669ca026a5056cad1e9fc4', '2024-03-28 16:51:07'),
('ZUyqxgls', 'MJ2bgDpS', 'f5751739e7185094ce20d6988c2619d7', '2024-05-03 04:49:28'),
('zXshiwnb', '1FTiHKdM', 'bc201c3c21f4a1f27871ae17fa7a862d', '2024-05-25 18:43:43');

-- --------------------------------------------------------

--
-- Table structure for table `share_links`
--

CREATE TABLE `share_links` (
  `id` varchar(25) NOT NULL,
  `user_id` varchar(25) NOT NULL,
  `notes_id` tinytext NOT NULL,
  `created_at` datetime NOT NULL DEFAULT current_timestamp(),
  `expired_at` datetime NOT NULL
) ENGINE=InnoDB DEFAULT CHARSET=utf8 COLLATE=utf8_unicode_ci;

--
-- Dumping data for table `share_links`
--

INSERT INTO `share_links` (`id`, `user_id`, `notes_id`, `created_at`, `expired_at`) VALUES
('0xFxxpr1BSk1stKf', 'MJ2bgDpS', 'Uh2t0qks', '2024-07-06 15:00:16', '2024-07-07 15:00:16'),
('0Y2d8aManSmFQWa8', 'MJ2bgDpS', 'oMAjb8Y3', '2024-04-12 22:53:38', '2024-04-13 22:53:38'),
('2h3Z33hk55r9laGb', 'MJ2bgDpS', 'Ds6t8nbp,frK23vld,wP3HbS7N,qiDbIn1l', '2024-04-17 21:37:56', '2024-04-18 21:37:56'),
('2lilzwvw5jhiPpip', 'HCfIaoOx', 'LEzaCmNx,nuvKbREX', '2024-03-25 22:37:09', '2024-03-26 22:37:09'),
('3ouq3HH75Jjpfq11', 'HCfIaoOx', 'eBlyJiDW', '2024-01-12 12:54:57', '2024-01-12 12:54:57'),
('4r1ax8qdJOtIujXN', 'MJ2bgDpS', 'DCqSnVbf', '2024-06-18 13:28:48', '2024-06-19 13:28:48'),
('4R3IEWUwZRl31jqo', 'MJ2bgDpS', 'Zn976f56', '2024-07-04 16:11:19', '2024-07-05 16:11:19'),
('6BxXUPvmUqXqxh3u', 'Vv8SB1gb', 'j4A8d5jv', '2024-01-19 10:30:17', '2024-01-19 10:30:17'),
('6Hk8XqSYBtmPCXsJ', 'HCfIaoOx', 'note_l2nUdz4v,note_QhEtV2u4', '2024-04-02 16:15:55', '2024-04-03 16:15:55'),
('6hSjhxHZ15VPF2zx', 'HCfIaoOx', 'iE1699N1,CD4CbMPC', '2024-04-12 22:58:52', '2024-04-13 22:58:52'),
('AadmPbi0TdnkyZqu', 'QHLrZ2Ge', '11lLFJxU', '2024-02-03 18:50:43', '2024-02-03 18:50:43'),
('b9p2M9KllIn3bMmg', 'HCfIaoOx', '9o5wtV1A,Aw6ISDGQ', '2024-03-31 15:29:03', '2024-04-01 15:29:03'),
('bCeC4rjFuFS2E2xA', 'HCfIaoOx', 'LEzaCmNx,zAKoRGhS,Fhr6O9cP,YjMkz7xt,MRoSafpN,sYXcwohC,lcWGntk9,bYobRY5q,6oYH1cg3,G6uZwqWa', '2024-03-05 07:33:39', '2024-03-05 07:33:39'),
('CG5FIb6EMMgLyukr', 'HCfIaoOx', 'note_S64DziP1', '2024-04-04 17:02:41', '2024-04-05 17:02:41'),
('cMYutkAQLgbF3tRs', 'HCfIaoOx', 'VVTYaNud,2csqcRMs,eBlyJiDW', '2024-01-13 21:06:04', '2024-01-13 21:06:04'),
('dCBggD4bEsKoyVdk', 'Vv8SB1gb', 'L4sXMfvO', '2024-01-16 09:00:44', '2024-01-16 09:00:44'),
('DdDtyGcrSPOE2RJB', 'HCfIaoOx', '6oYH1cg3', '2024-03-24 22:53:35', '2024-03-25 22:53:35'),
('Ebqgqd0xG9i2P4BB', 'MJ2bgDpS', 'BUDHBq6T,BhBZE1Ll', '2024-06-18 10:47:52', '2024-06-19 10:47:52'),
('eyEw2cmaXRTHEJea', '4NUMTmFC', 'zetbEpiC', '2024-01-11 17:13:02', '2024-01-11 17:13:02'),
('FE4NKbdAoZSD7TZ9', 'Vv8SB1gb', 'xo2tHynp,L4sXMfvO,sGqeE6Fl', '2024-01-11 12:57:57', '2024-01-11 12:57:57'),
('FoKp8m7ntzx0NChh', 'MJ2bgDpS', 'UQvtrSc3', '2024-07-05 13:21:08', '2024-07-06 13:21:08'),
('fp1elK1rmqC4mk2p', 'MJ2bgDpS', 'MaJnd34T', '2024-04-09 07:14:43', '2024-04-10 07:14:43'),
('FZcnLxzfQCgwhYxN', 'YOAkaOxH', 'lbH1Z8uq,dIwgoz1J', '2024-04-28 18:49:11', '2024-04-29 18:49:11'),
('hibdo0P39t4OdRuZ', 'HCfIaoOx', 'MRoSafpN,sYXcwohC,lcWGntk9,bYobRY5q,p3NDkwuq,6oYH1cg3,G6uZwqWa', '2024-02-12 21:12:16', '2024-02-12 21:12:16'),
('iACg3iWgY5cETqWK', 'HCfIaoOx', 'note_CoAVeER7', '2024-04-06 20:14:33', '2024-04-07 20:14:33'),
('IezVLV2czfzTsH9J', 'HCfIaoOx', 'UJBWKe3A', '2024-01-13 00:14:18', '2024-01-13 00:14:18'),
('Infbm0vzJ8m7pwLy', '4NUMTmFC', 'zetbEpiC', '2024-01-11 17:13:18', '2024-01-11 17:13:18'),
('J0Bar6CRJqMG3EE1', 'HCfIaoOx', '2Nv9LTE1,OyTi6vst,zXKhq20u,UJBWKe3A,eBlyJiDW,2csqcRMs,VVTYaNud', '2024-01-14 12:55:33', '2024-01-14 12:55:33'),
('j2fN28MbQDs8HHtr', 'MJ2bgDpS', 'Uh2t0qks', '2024-07-06 15:11:10', '2024-07-07 15:11:10'),
('j7PkPKiUNXFALlek', 'HCfIaoOx', 'G6uZwqWa,sYXcwohC,lcWGntk9,bYobRY5q,p3NDkwuq,6oYH1cg3', '2024-02-04 19:47:00', '2024-02-04 19:47:00'),
('jrT7HB4bTaslKMaN', 'pHIqCoGZ', 'note_oCb9jAXD,note_kdx25YdW,BSTJo97E,Gs4FSQAj', '2024-04-07 15:30:40', '2024-04-08 15:30:40'),
('K7vK6Ki8iBnTCUuL', 'HCfIaoOx', 'YjMkz7xt', '2024-02-22 08:32:11', '2024-02-22 08:32:11'),
('KJJ5l3wmrUetXAPL', 'HCfIaoOx', '6oYH1cg3', '2024-02-29 18:09:55', '2024-02-29 18:09:55'),
('kSCGLYtlLDbkdarA', 'Vv8SB1gb', 'xuUhcCNw', '2024-01-16 09:09:05', '2024-01-16 09:09:05'),
('mLhUltmPRYAOUNGQ', '4NUMTmFC', 'b7uSG4LE,gzc5po5F,pn6Am7me', '2024-05-01 09:53:53', '2024-05-02 09:53:53'),
('mncvnK7CL3Da00z9', 'AGK77Cxr', 'RJ9sonH6', '2024-01-11 20:42:49', '2024-01-11 20:42:49'),
('nnn3gX7i8kWAW5H6', 'HCfIaoOx', 'N0Gp5cCh,4gw1eTZN,MRoSafpN,sYXcwohC,lcWGntk9,bYobRY5q,6oYH1cg3,G6uZwqWa', '2024-02-17 09:07:59', '2024-02-17 09:07:59'),
('ooCITRs5pNPHg6rB', 'HCfIaoOx', '2csqcRMs,zXKhq20u,UJBWKe3A,2Nv9LTE1,eBlyJiDW,VVTYaNud', '2024-01-13 21:05:46', '2024-01-13 21:05:46'),
('PB6ZQApjMS2A8R71', 'HCfIaoOx', 'bYobRY5q,lcWGntk9', '2024-03-25 09:15:38', '2024-03-26 09:15:38'),
('PcwLx3GR5dTef57v', 'Vv8SB1gb', 'sGqeE6Fl,L4sXMfvO,xuUhcCNw,9HA0Gk1N', '2024-01-16 08:59:01', '2024-01-16 08:59:01'),
('pGEinNWCswLVGD7v', 'WLHqTssR', 'note_gYuvZjw6', '2024-04-01 23:11:00', '2024-04-02 23:11:00'),
('pTcQTcKXZdXLYt2x', 'HCfIaoOx', 'note_KSERQzGA', '2024-04-05 12:54:51', '2024-04-06 12:54:51'),
('qrkKuh5SmhvcX6Bh', 'HCfIaoOx', 'JzjcTe2x,TC5LXNqZ', '2024-04-16 20:29:02', '2024-04-17 20:29:02'),
('SEb7B5nHiu5HPubH', 'HCfIaoOx', 'MRoSafpN,sYXcwohC,lcWGntk9,bYobRY5q,p3NDkwuq,6oYH1cg3,G6uZwqWa', '2024-02-12 21:36:05', '2024-02-12 21:36:05'),
('SyKnkMxz7VTsf6vc', 'HCfIaoOx', 'note_RwSAPEk5,notes_6oYH1cg3', '2024-03-27 12:26:48', '2024-03-28 12:26:48'),
('ThkpnbXxO3bn1ufx', 'HCfIaoOx', 'dO18wBof', '2024-03-24 22:56:45', '2024-03-25 22:56:45'),
('WbO7AoX5c3zHxXqA', 'VfBQKVFr', 'OUfBzorq,9g8gAu2R', '2024-01-12 11:15:17', '2024-01-12 11:15:17'),
('wCTY0rX3c9NTxekA', 'Vv8SB1gb', 'oEFuHH4b', '2024-01-20 18:05:35', '2024-01-20 18:05:35'),
('WxddQ3si1LF3sYrr', 'Jth0Dg9a', '5Oknb1cj,svRUVZZ1', '2024-01-12 09:10:14', '2024-01-12 09:10:14'),
('XltwtLwYyJG7DMu7', 'VfBQKVFr', 'OUfBzorq', '2024-01-11 16:54:25', '2024-01-11 16:54:25'),
('xWUEJ9OeFKVpgitE', 'HCfIaoOx', 'note_FmStBuTV,note_KSERQzGA', '2024-04-05 12:17:17', '2024-04-06 12:17:17'),
('xZgPLODomp9xB6Ks', 'HCfIaoOx', '9o5wtV1A,Aw6ISDGQ,note_DkQbqveo', '2024-03-25 22:40:18', '2024-03-26 22:40:18'),
('yJdcfGhrkA1BIIDX', 'pHIqCoGZ', 'note_gaTIUHaz,Gs4FSQAj,BSTJo97E', '2024-04-03 20:00:06', '2024-04-04 20:00:06'),
('ykbYfIQuUDxg5ymb', 'MJ2bgDpS', 'mqNqqdT1,note_JiYGx8xP', '2024-06-19 11:03:25', '2024-06-20 11:03:25'),
('yuXOAXVOEEh8cZ2p', 'jDx4uQd7', 'm9oi8fDa', '2024-03-24 22:22:35', '2024-03-25 22:22:35'),
('zCbqDmhPgnlzFlIs', 'VfBQKVFr', '9g8gAu2R', '2024-01-12 11:16:52', '2024-01-12 11:16:52'),
('ZeS6BkNa9lO92a6F', 'MJ2bgDpS', 'ZoBUpqJH,0xKnRckL', '2024-01-11 14:44:40', '2024-01-11 14:44:40'),
('zjs71kPkp1oRNSAq', 'QHLrZ2Ge', 'XNqkf1Fm,f9ei0sm2,s85YDTnl,2NuVN2JR,11lLFJxU', '2024-02-04 19:54:56', '2024-02-04 19:54:56');

-- --------------------------------------------------------

--
-- Table structure for table `users`
--

CREATE TABLE `users` (
  `id` varchar(25) NOT NULL,
  `username` varchar(25) NOT NULL,
  `password` tinytext NOT NULL,
  `color` varchar(25) NOT NULL,
  `created_at` datetime NOT NULL DEFAULT current_timestamp()
) ENGINE=InnoDB DEFAULT CHARSET=utf8 COLLATE=utf8_unicode_ci;

--
-- Dumping data for table `users`
--

INSERT INTO `users` (`id`, `username`, `password`, `color`, `created_at`) VALUES
('1FTiHKdM', 'minka', '$2y$10$LnO2F4Ak7nb.P/uRuY303.5N6O4ONzvknhj2Sss/hGVmzSUbgRLLS', 'maroon', '2024-05-25 18:42:38'),
('2jbnizRB', 'Jonh', '$2y$10$m5A2KhzxpSnKq2GSxpuZTOqljG92jepkLekbSNhv32eySF.9fEIgi', 'darkorange', '2024-01-13 18:01:12'),
('2yJvMN9D', 'Tyqsdfghjkmwxcvbn', '$2y$10$xbSNbYVs/dy8ZMCSvxq7R.aB8y7dCP1uvdnTa9Vi7jzhoLmp2Y/4q', 'violet', '2024-01-15 09:14:48'),
('4NUMTmFC', 'Hanna', '$2y$10$ct59AfhW9KWYjgFdcEQ6DeaMJUSKB4MVLCICSaZ6bOWwDTNOTy4s.', 'teal', '2024-01-10 17:10:58'),
('7TAT5DKb', 'Mercleo', '$2y$10$nL1P7UgUI1i8e0XbCic7YOQifZ7i6qMM2x0XQpMoHC1Jyp/B1oYSG', 'darkorange', '2024-04-06 19:35:40'),
('8786HGoo', 'Ruben2345', '$2y$10$PajF7WV98BhyJCZFzt.7Eek7TY7ZRFf.oFfLZXrQU/7L.7m9IQts.', 'maroon', '2024-01-10 17:32:18'),
('9P2Rg1ak', 'Leonjordan', '$2y$10$BSX1YsIVZUcDuop8gDjNxe7KpSHKQdzlLLX.BntRPbCk6r663J7Ii', 'orange', '2024-01-11 13:03:49'),
('AGK77Cxr', 'Joresfritz15', '$2y$10$RKmh7MrQC7kNoqfQb.VrdOQMI2TnoVktad/jQQIJ78Spsj56GEwU2', 'crimson', '2024-01-10 20:41:07'),
('DW4BCqhy', 'Stephane', '$2y$10$Prd4EU2J05ECS8e.auky.umvA22nUNG.HWcvTPUTI.frfkPCco9Oe', 'darkgreen', '2024-01-10 13:17:01'),
('FAL1kMPv', 'Jojo404', '$2y$10$07rhGt5VVrfWsW5TVXvUb.Ag83UmTYxjQE00U0v.ghEYJoTnPGX3C', 'chartreuse', '2024-03-27 12:50:50'),
('gHcMpd22', 'Joel', '$2y$10$teOQalooP40bssJXYe.w.ejKdkc5sXu1GrZDNwIU6f/ImHcRyK6/O', 'chartreuse', '2024-06-19 11:02:51'),
('HCfIaoOx', 'som', '$2y$10$s8enA4NYXVTDOZ/yjyHfQOSwjYQrfuHSA7YyqGvcL38knufZZar/u', 'orange', '2024-01-10 13:17:41'),
('jDx4uQd7', 'Tyy', '$2y$10$426q/7js1i4Hn41IcPo7ZelaRTnsu9epzB7HTnATQFftvbVTc2/BW', 'violet', '2024-03-24 22:19:31'),
('Jth0Dg9a', 'Maningrey', '$2y$10$7dUWj.p6efg9OnrXvcfpCOvsYps7ixK0i2aDdWc6CUzc0429Fela2', 'darkorange', '2024-01-10 20:25:50'),
('MJ2bgDpS', 'Nameless', '$2y$10$xKgZO1PYxhGtPmkTReIvROgyhVZ17evSCYD6f08vEgecYih.NcvAG', 'darkorange', '2024-01-10 14:32:36'),
('MRqJ67KE', 'DFJ', '$2y$10$kGGKeh/kJWxnlwEINnuiNOTIbXitd0WTG/7TDD2wWYgzflMBukD.W', 'orange', '2024-06-18 10:42:12'),
('NZyd1yIw', 'Boris', '$2y$10$0nRZL9f.2yBzCF7pQ69gLuMKoRTpruCunz3NCwwGtX5CaVTe//7QW', 'darkgoldenrod', '2024-05-03 17:34:30'),
('oWZSJMWF', 'Josh', '$2y$10$U3K3NGpfkxHVayXAZYqflOIjihj6huQq/IqM/d0E3ad/WO.TV9pUG', 'chocolate', '2024-06-11 10:07:21'),
('pHIqCoGZ', 'Denise', '$2y$10$jYYDtASsGApOCjPHcyhvlOGsoSEeHzGGcajwps7n36ivMpZe8Ekei', 'black', '2024-03-31 15:27:47'),
('QHLrZ2Ge', 'som05', '$2y$10$EMZBVImHIDX50r3R0.GhrOYgJW/5YK053w7A7h.84j4X4gSGrK5yO', 'darkslategray', '2024-01-10 12:59:36'),
('VfBQKVFr', 'Ruben', '$2y$10$EtVv.fKhHL0mGUf44WkmfeNkduzXmWWrqrlz/KTAgvdpnJpcEjpy6', 'pink', '2024-01-10 15:50:25'),
('Vv8SB1gb', 'Wise nameless', '$2y$10$bWL7ZoLznXg7TK1PyahAfO7UWwGbvVaq.0dt4ZESOkEN1ZZucqCUm', 'teal', '2024-01-10 12:41:43'),
('WLHqTssR', 'Moi', '$2y$10$QnMviEtojrjsx.1scUU7de.58oIt187j8K8DeAQKCF6Tccms4hFpa', 'maroon', '2024-04-01 23:06:24'),
('xIQrh1PZ', 'Medardzegoat', '$2y$10$X9sfchnN3s9YHzXJBS2anesvxe5goS1frh89ViA3IE1lsVgS8HN3W', 'darkgreen', '2024-04-17 11:06:18'),
('xrlF5OD1', 'Jiordi Kengne', '$2y$10$71DqCrizZO34UIe/LWDTf.LUNuCsHvSdHhy6aHoAGH5OYXErpW3iG', 'pink', '2024-01-10 14:26:26'),
('YOAkaOxH', 'Eric', '$2y$10$RF3mIH8dFF7xUliH9jn6ge9XMjPH7fNHHIR5T0C2X226byGOFLHZO', 'brown', '2024-04-16 20:31:36'),
('zFxl6wHI', 'Vanel', '$2y$10$IOZ5eu0SH7HYuFHLUitJJeKYIhljW1/JrKn3isWlEhaBWqMApE6uy', 'maroon', '2024-01-10 20:27:31'),
('Zxs7Es2N', 'Brunel', '$2y$10$FrS3o8hZdy1NI8Katr5l.OyQ7OxC9D9J/xNzVjEmlgr3OKr/.X6ZO', 'violet', '2024-01-10 18:23:43');

-- --------------------------------------------------------

--
-- Table structure for table `users_notes`
--

CREATE TABLE `users_notes` (
  `id` varchar(25) NOT NULL,
  `user_id` varchar(25) NOT NULL,
  `title` varchar(255) DEFAULT NULL,
  `body` text NOT NULL,
  `font` varchar(25) NOT NULL,
  `color` varchar(25) NOT NULL DEFAULT '#f2f2f27a',
  `src` varchar(25) NOT NULL DEFAULT 'myself',
  `src_id` varchar(25) DEFAULT NULL,
  `created_at` datetime NOT NULL DEFAULT current_timestamp()
) ENGINE=InnoDB DEFAULT CHARSET=utf8 COLLATE=utf8_unicode_ci;

--
-- Dumping data for table `users_notes`
--

INSERT INTO `users_notes` (`id`, `user_id`, `title`, `body`, `font`, `color`, `src`, `src_id`, `created_at`) VALUES
('Atw5gRTk', 'MJ2bgDpS', 'FeedBack', 'Faire des presentations plus simples\nEdited', 'poppins', '#ff5a5a74', 'myself', NULL, '2024-06-19 10:53:05'),
('AvoJ2IO3', 'HCfIaoOx', 'SaaS ideas', '1) An application built on gpt-4. Example: Gaspy ai\n\n2) Build a SaaS on top of notion, for example Q( to schedule tweet from notion), Symbol (Create entire website on notion), generate forms from notion\n\n3) An interactive learning plateform', 'poppins', '#f2f2f27a', 'myself', NULL, '2024-04-11 02:11:06'),
('b7uSG4LE', '4NUMTmFC', '', 'I8', 'poppins', '#f2f2f27a', 'myself', NULL, '2024-05-01 09:51:18'),
('BhBZE1Ll', 'MJ2bgDpS', 'Outils ai+', '- Calendly : Un outil pour prendre et ou g&eacute;rer des rendez-vous\n- Framer ai : permet de créer des sites web simples à l\'aide de prompts. Permet aussi de créer des sites web avancé et hyper personnalisé\n- Opus Clip : Permet à base de vidéos créer des shorts avec sous titres pour TikTok, YouTube...\n- Adobe FireFly : Logiciel Adobe pour traiter, modifier des images à l\'aide des prompts\n- KOME : est une extension de Google Chrome permettant de résumer des articles de pages web\n- Erase background: Un outil qui permet de supprimer le background des photos\n- ai quizz maker : une AI qui génère des quizz à partir des textes (aidant par exemple à étudier)\n- Click up, assana, Monday: pour gérer des projets\n- Linear : Outil pour gérer les projets de sites web', 'Courier New', '#89f3ff7a', 'share', 'jrT7HB4bTaslKMaN', '2024-04-07 15:43:25'),
('BSTJo97E', 'pHIqCoGZ', 'Concepts à rechercher plus tard', 'Concepts à rechercher :\n\n1) Jan ai, Studio LM: outil d\'ia permettant de faire tourner les ia de génération de texte en local', 'Courier New', '#ff5a5a74', 'share', 'b9p2M9KllIn3bMmg', '2024-03-31 15:29:40'),
('BUDHBq6T', 'MJ2bgDpS', 'X video', 'X video: https://x.com/rollinlowolong/status/1785208438068253012?t=U3IgsmQ5D2gLanvYhuXTNw&s=09', 'poppins', '#f2f2f27a', 'myself', NULL, '2024-04-30 18:43:14'),
('bYobRY5q', 'HCfIaoOx', 'KN bugs to fixe.', '- Change the search bar search algorithm\n\n- Ajouter un décompte de 05s lorsqu\'un utilisateur supprime une note, accompagné d\'un bouton \"Annuler\" pour annuler la suppression', 'poppins', '#ffff6aaf', 'myself', NULL, '2024-02-03 19:03:04'),
('CD4CbMPC', 'HCfIaoOx', 'Programme IUT', '1) Lundi :\n- Architecture des ordinateurs\n\n2) Mardi:\n- base de données et SQL\n\n3) Mercredi :\n- Logiciel système\n- SE\n\n4) Jeudi \n- SE (ajusté)\nProjet de programmation / Technologies et programmation web\n\n5) Vendredi :\n- Analyse et conception de SI\n\n6) Samedi \n-Algorithme et ds\n- Gestion de projets informatiques', 'poppins', '#f2f2f27a', 'myself', NULL, '2024-04-11 12:48:34'),
('cjGjLLfT', 'MRqJ67KE', 'X video', 'X video: https://x.com/rollinlowolong/status/1785208438068253012?t=U3IgsmQ5D2gLanvYhuXTNw&s=09', 'poppins', '#f2f2f27a', 'share', 'Ebqgqd0xG9i2P4BB', '2024-06-18 10:48:40'),
('dBKQSUjG', 'Zxs7Es2N', NULL, 'C&#039;est incroyable !!', 'Courier New', '#89f3ff7a', 'myself', NULL, '2024-01-10 18:24:28'),
('DCqSnVbf', 'MJ2bgDpS', 'A remettre vendredi', '- Cahier des charges\n- Cahier des spécifications', 'poppins', '#f2f2f27a', 'myself', NULL, '2024-06-18 13:17:25'),
('dIwgoz1J', 'YOAkaOxH', 'Just a test', 'Hey', 'poppins', '#f2f2f27a', 'myself', NULL, '2024-04-28 18:47:42'),
('dO18wBof', 'HCfIaoOx', 'Gemini prompt pour écrire des Facebook ads', 'Write a Facebook ad for [Your Product/Service] targeting [Target Audience]. The ad should focus on [Desired Outcome] and highlight the key benefit of [Benefit of Your Product/Service].\n\nHere are some additional details that can help me craft a more effective ad:\n\nBrand voice and tone (funny, informative, etc.)\nAny specific promotions or offers\nPain points of your target audience\nCall to action (e.g., Shop Now, Learn More)', 'poppins', '#f2f2f27a', 'myself', NULL, '2024-03-22 08:47:12'),
('e1NQQFX9', 'MJ2bgDpS', 'Windows BIOS admin password', '#steve95', 'poppins', '#f2f2f27a', 'myself', NULL, '2024-05-03 04:50:10'),
('f9ei0sm2', 'QHLrZ2Ge', 'KN new features', '- Add a French support\n- Show the amount of results when finding notes on the search bar', 'poppins', '#ffff6aaf', 'share', 'j7PkPKiUNXFALlek', '2024-02-03 19:52:47'),
('FqbTG9o3', 'MJ2bgDpS', '', 'Améliorer la prise en charge des polices', 'poppins', '#f2f2f27a', 'myself', NULL, '2024-07-05 13:34:23'),
('frK23vld', 'MJ2bgDpS', '', 'Title: Module python à télécharger\n\nBody: - Panda\n- PySide6', 'poppins', '#f2f2f27a', 'myself', NULL, '2024-04-17 21:37:29'),
('gceK55vU', 'YOAkaOxH', 'Apprendre Laravel 10 ensemble', 'Dans 02 semaines je commencerai à apprendre Laravel 10. Si tu es chaud on commence à apprendre ensemble pour pouvoir progresser ensemble plus vite. Et pourquoi pas après faire des projets communs en Laravel ?\n\nJe pense qu\'apprendre la meme chose nous deux pourrait nous aider mutuellement à mieux comprendre le framework et comment l\'utilisé.\n\nCordialement Ruben✅', 'Courier New', '#ffe4c4bc', 'import', 'z7yBYDP1', '2024-04-16 20:32:09'),
('GjUh222Y', 'MJ2bgDpS', 'Lien de la video react leaflet', 'https://www.youtube.com/watch?v=jD6813wGdBA', 'poppins', '#89f3ff7a', 'myself', NULL, '2024-05-20 01:37:19'),
('gp81GLes', 'Jth0Dg9a', '// Save the share link', 'Link: https://keepnote00.000webhostapp.com/note/share/use-link/Jth0Dg9a/WxddQ3si1LF3sYrr\n\nCreated at: 2024-01-12 09:10:14\nExpire at: 2024-01-12 09:10:14', 'poppins', '#f2f2f27a', 'myself', NULL, '2024-01-11 09:10:40'),
('Gs4FSQAj', 'pHIqCoGZ', 'Outils ai+', '- Calendly : Un outil pour prendre et ou g&eacute;rer des rendez-vous\n- Framer ai : permet de créer des sites web simples à l\'aide de prompts. Permet aussi de créer des sites web avancé et hyper personnalisé\n- Opus Clip : Permet à base de vidéos créer des shorts avec sous titres pour TikTok, YouTube...\n- Adobe FireFly : Logiciel Adobe pour traiter, modifier des images à l\'aide des prompts\n- KOME : est une extension de Google Chrome permettant de résumer des articles de pages web\n- Erase background: Un outil qui permet de supprimer le background des photos\n- ai quizz maker : une IA qui génère des quizz à partir des textes (aidant par exemple à étudier)\n- Click up, assana, Monday: pour gérer des projets\n- Linear : Outil pour gérer les projets de sites web', 'Courier New', '#89f3ff7a', 'share', 'b9p2M9KllIn3bMmg', '2024-03-31 15:29:40'),
('gzc5po5F', '4NUMTmFC', '', 'Bienvenue dans le presse-papiers Gboard. Le texte que vous copiez est enregistré ici.', 'poppins', '#f2f2f27a', 'myself', NULL, '2024-04-21 10:55:04'),
('H48ZlAC7', 'MJ2bgDpS', 'Participants application batch', '1) SONY TCHOUAOU\n2) NOULAA DARLEX\n3) NJIKAM Mustapha', 'poppins', '#76ff769e', 'myself', NULL, '2024-06-17 10:53:36'),
('HtYVzs1b', 'HCfIaoOx', 'Module python à télécharger.', '- Panda\n- PyQt6\n- PyGObject: a Python package which provides bindings for GObject based libraries such as GTK, GStreamer, WebKitGTK, GLib, GIO and many more.', 'Courier New', '#76ff769e', 'share', 'jrT7HB4bTaslKMaN', '2024-04-07 15:41:31'),
('iE1699N1', 'HCfIaoOx', 'Apprendre Laravel 10 ensemble', 'Dans 02 semaines je commencerai à apprendre Laravel 10. Si tu es chaud on commence à apprendre ensemble pour pouvoir progresser ensemble plus vite. Et pourquoi pas après faire des projets communs en Laravel ?\n\nJe pense qu\'apprendre la meme chose nous deux pourrait nous aider mutuellement à mieux comprendre le framework et comment l\'utilisé.\n\nCordialement Ruben✅', 'Courier New', '#ffe4c4bc', 'share', '0Y2d8aManSmFQWa8', '2024-04-12 22:55:13'),
('in9rnpgC', 'FAL1kMPv', 'js code', '/**\n     * \n     * @param {Array} notes_id An array of notes\'s index\n     * @returns {void}\n     */\n    removeNotes(notes_id)\n    {\n        for (const word in this.index) \n        {\n            if (Object.hasOwnProperty.call(this.index, word)) \n            {\n                notes_id.forEach(note_id => \n                {\n                    if (this.index[word].includes(note_id))\n                    {\n                        this.index[word] = this.index[word].filter(id => id != note_id)\n                        if (this.index[word].length == 0) delete this.index[word]\n                    }\n                })\n            }\n        }\n    }', 'Courier New', '#ffff6aaf', 'share', 'iACg3iWgY5cETqWK', '2024-04-06 20:50:02'),
('j4A8d5jv', 'Vv8SB1gb', 'CodeIgniter4 libraries.', '1) tatters/assets\n2) monken/ci4-route-attributes\n3) seunmatt/codeigniter-log-viewer', 'poppins', '#f2f2f27a', 'myself', NULL, '2024-01-17 08:24:34'),
('jDzU39FE', '2jbnizRB', 'Salut', 'bonjour n&#039;en. Elle skss bsks&#039;s ss', 'poppins', '#f2f2f27a', 'myself', NULL, '2024-01-13 18:01:33'),
('jfYs7VUh', 'HCfIaoOx', 'Concepts à rechercher plus tard', 'Concepts à rechercher :\n\n1) Jan ai, Studio LM: outil d\'ia permettant de faire tourner les ia de génération de texte en local', 'Courier New', '#ff5a5a74', 'share', 'jrT7HB4bTaslKMaN', '2024-04-07 15:41:31'),
('jGKIq6iJ', 'MJ2bgDpS', 'Scroll CSS tips', 'html {\n    scroll-snap-type: y mandatory;\n}\n\nsection {\n    scroll-snap-align: start;\n}', 'poppins', '#f2f2f27a', 'myself', NULL, '2024-04-29 20:33:15'),
('jKLQby0L', 'MJ2bgDpS', 'Ai solution', '1) ClearView: A search engine for face ( the best one)\n2) PimEyes: A solution to find human faces accros internet', 'poppins', '#f2f2f27a', 'myself', NULL, '2024-05-03 06:15:38'),
('JzjcTe2x', 'HCfIaoOx', 'Boisson????', '1) malta\n2) Pallette d\'eau\n3) petite Guinness non-glacé\n4) 33 glacé\n5) Une bouteille d\'eau', 'poppins', '#f2f2f27a', 'myself', NULL, '2024-04-14 19:21:19'),
('k8ltS6X9', 'MJ2bgDpS', 'API Tchanme user-guide', '000Webhost Account:\nemail: somfuncky8@gmail.com\npassword: #Cablage2024\n\nSite web:\nname: cablage\nmdp: *CablageDeThanme2024\n\ndata base:\ndb_name: cablagedb\nusername: nameless\npassword: *Nameless2024', 'poppins', '#f2f2f27a', 'share', 'pTcQTcKXZdXLYt2x', '2024-04-05 12:55:01'),
('KEKRiSj3', 'MJ2bgDpS', 'Identité Visuel BlumDesk', 'Actuels Polices\n- Titres : Roboto Slabs\n- Sous-titres : Roboto\n- Text : Roboto', 'poppins', '#f2f2f27a', 'myself', NULL, '2024-06-18 12:15:10'),
('KkltJGoX', 'Vv8SB1gb', 'JavaScript libraries', '- Fuse.js : A lazy search library\n- dropzone: A drag and drop js library\n- gsap: An animation js library', 'poppins', '#ffff6aaf', 'myself', NULL, '2024-01-18 15:02:54'),
('lbH1Z8uq', 'YOAkaOxH', '', 'Title: Just a test\n\nBody: Hey', 'Courier New', '#ff5a5a74', 'myself', NULL, '2024-04-28 18:48:55'),
('lcWGntk9', 'HCfIaoOx', 'KN new features', '- Show the amount of results when finding notes on the search bar', 'poppins', '#ffff6aaf', 'myself', NULL, '2024-02-03 19:30:56'),
('LD3NaQut', 'MJ2bgDpS', 'FeedBack', '- Ajouter une fonctionnalités de partage de tel sorte que meme celui qui n\'a pas de compte de voir des notes\n- Pensez aux fonctionnalités pour entreprises : Apportez des fonctionnalités collaboratifs\n- Ajouter la possibilité de fermer les windows lorsqu\'on clique sur le mur floutté\n- Ajouter des groupes avec de la collaborations en temps réél comme avec Google Docs, Google Sheets...\n- Permettre de faire en sorte qu\'on puisse modifier une note juste en double cliquant dessus lorsqu\'elle est agrandi', 'poppins', '#f2f2f27a', 'myself', NULL, '2024-06-18 11:04:39'),
('LEzaCmNx', 'HCfIaoOx', 'Outils AI+', '- Calendly : Un outil pour prendre et ou g&eacute;rer des rendez-vous\n- Framer ai : permet de créer des sites web simples à l\'aide de prompts. Permet aussi de créer des sites web avancé et hyper personnalisé\n- Opus Clip : Permet à base de vidéos créer des shorts avec sous titres pour TikTok, YouTube...\n- Adobe FireFly : Logiciel Adobe pour traiter, modifier des images à l\'aide des prompts\n- KOME : est une extension de Google Chrome permettant de résumer des articles de pages web\n- Erase background: Un outil qui permet de supprimer le background des photos\n- ai quizz maker : une IA qui génère des quizz à partir des textes (aidant par exemple à étudier)\n- Click up, assana, Monday: pour gérer des projets\n- Linear : Outil pour gérer les projets de sites web', 'Courier New', '#89f3ff7a', 'myself', NULL, '2024-02-29 18:46:04'),
('m9oi8fDa', 'jDx4uQd7', 'Test', 'Test keep note \nFluidité ✅\nDesign peut mieux faire', 'poppins', '#f2f2f27a', 'myself', NULL, '2024-03-24 22:21:59'),
('mMJBOLKd', '4NUMTmFC', '', 'Manger à l\'école', 'Courier New', '#89f3ff7a', 'myself', NULL, '2024-05-27 07:43:30'),
('mqNqqdT1', 'MJ2bgDpS', 'Google Gemini API key', 'AIzaSyDDXnPlZUiy9R3D2ZlyDH-nkDJJT_S-q0c\nproject_number: 799174046377', 'poppins', '#89f3ff7a', 'myself', NULL, '2024-06-14 22:04:44'),
('MRoSafpN', 'HCfIaoOx', 'My next computer science skills to learn', '1) PWA\n2) React JS\n3) Laravel \n4) git/GitHub\n5) Python ( Les bases )\n6) React Native \n7) C++ ( as deeply as possible)', 'poppins', '#f2f2f27a', 'myself', NULL, '2024-02-05 06:38:52'),
('ne7e13rh', 'MRqJ67KE', 'Just a keep', 'Visiter quill JS : pour creer des page de remplissage comme sur word\nVisiter winkJS : la meilleur bibliothèque pour le traitement de language Naturel en JS', 'poppins', '#ffff6aaf', 'share', 'FoKp8m7ntzx0NChh', '2024-07-05 13:22:23'),
('note_0gBf245s', 'MJ2bgDpS', 'Concepts à rechercher plus tard', 'Concepts à rechercher :\n\n1) Jan ai, Studio LM: outil d\'ai permettant de faire tourner les ai de génération de texte en local', 'roboto', '#ff5a5a74', 'share', 'jrT7HB4bTaslKMaN', '2024-04-07 15:43:25'),
('note_416UKbIM', 'FAL1kMPv', 'PHP Projects that give me unfair advantages', '- KeepNote: An online note-taking app ✅\n- ChatGPT clone\n- e-commerce website\n- Online multiple-players game\n- Happenings event tickets handler (Weddings, birthday... Tickets manager) : Images and PDF generation, QR code generation\n- A blog\n- Simple QR code generator\n- URL shortner', 'poppins', '#ffe4c4bc', 'share', 'SyKnkMxz7VTsf6vc', '2024-03-27 13:06:49'),
('note_4DZreqrK', 'WLHqTssR', '', 'Voyons voir', 'poppins', '#f2f2f27a', 'myself', NULL, '2024-04-01 23:09:07'),
('note_4I83ME02', 'FAL1kMPv', 'Shop list', 'Palette d\'eau ✅\nSardines ✅\n\nTomate 200✅\nCondiments vert 100✅\nPoivron 50✅\nPiment 50✅\nCube crevette 50✅', 'poppins', '#f2f2f27a', 'share', 'SyKnkMxz7VTsf6vc', '2024-03-27 13:06:49'),
('note_9o5wtV1A', 'HCfIaoOx', 'Concepts à rechercher plus tard', 'Concepts à rechercher :\n\n1) Jan ai, Studio LM: outil d\'ia permettant de faire tourner les ia de génération de texte en local', 'poppins', '#f2f2f27a', 'share', '2lilzwvw5jhiPpip', '2024-03-25 22:39:55'),
('note_akdUvZzA', 'pHIqCoGZ', '// Enrégistrez le lien de partage', 'Lien: https://keepnote00.000webhostapp.com/note/share/use-link/pHIqCoGZ/jrT7HB4bTaslKMaN\n\nCréé le: 2024-04-07 15:30:40\nExpire le: 2024-04-08 15:30:40', 'roboto', '#f2f2f27a', 'myself', NULL, '2024-04-07 15:31:37'),
('note_CoAVeER7', 'HCfIaoOx', 'js code', '/**\n     * \n     * @param {Array} notes_id An array of notes\'s index\n     * @returns {void}\n     */\n    removeNotes(notes_id)\n    {\n        for (const word in this.index) \n        {\n            if (Object.hasOwnProperty.call(this.index, word)) \n            {\n                notes_id.forEach(note_id => \n                {\n                    if (this.index[word].includes(note_id))\n                    {\n                        this.index[word] = this.index[word].filter(id => id != note_id)\n                        if (this.index[word].length == 0) delete this.index[word]\n                    }\n                })\n            }\n        }\n    }', 'Courier New', '#ffff6aaf', 'myself', NULL, '2024-04-06 20:14:24'),
('note_gYuvZjw6', 'WLHqTssR', '', 'Intéressant ça !!!', 'poppins', '#f2f2f27a', 'myself', NULL, '2024-04-01 23:09:58'),
('note_j840VgRn', 'WLHqTssR', 'Quelques ingrédients.', 'Yo testons ça .\nDu sucre \nDe la farine \nDu sel \nDe l\'eau\nDes œufs\nEt d\'autres trucs...', 'roboto', '#f2f2f27a', 'myself', NULL, '2024-04-01 23:07:19'),
('note_kdx25YdW', 'pHIqCoGZ', 'LLM', 'Jordan aime l\'ai+', 'poppins', '#f2f2f27a', 'myself', NULL, '2024-04-06 15:20:30'),
('note_KSERQzGA', 'HCfIaoOx', 'API Tchanme user-guide', '000Webhost Account.\n\nemail: vs.xavier1202@gmail.com\npassword: #Cablage2024\n\n000Webhost Account.\n\nemail: vs.xavier1202@gmail.com\npassword: #Cablage2024\n000Webhost Account.\n\nemail: vs.xavier1202@gmail.com\npassword: #Cablage2024\n000Webhost Account.\n\nemail: vs.xavier1202@gmail.com\npassword: #Cablage2024\n000Webhost Account.\n\nemail: vs.xavier1202@gmail.com\npassword: #Cablage2024\n000Webhost Account.\n\nemail: vs.xavier1202@gmail.com\npassword: #Cablage2024000Webhost Account.\n\nemail: vs.xavier1202@gmail.com\npassword: #Cablage2024000Webhost Account.\n\nemail: vs.xavier1202@gmail.com\npassword: #Cablage2024000Webhost Account.\n\nemail: vs.xavier1202@gmail.com\npassword: #Cablage2024000Webhost Account.\n\nemail: vs.xavier1202@gmail.com\npassword: #Cablage2024000Webhost Account.\n\nemail: vs.xavier1202@gmail.com\npa', 'poppins', '#f2f2f27a', 'myself', NULL, '2024-04-04 23:17:28'),
('note_oCb9jAXD', 'pHIqCoGZ', 'Module python à télécharger', '- Panda\n- PySide6', 'Courier New', '#76ff769e', 'myself', NULL, '2024-04-07 15:27:10'),
('note_OYnQfH1u', 'FAL1kMPv', 'Jojo', 'Bonjour tout le monde', 'poppins', '#f2f2f27a', 'myself', NULL, '2024-03-27 12:51:55'),
('note_xWNV1Im0', 'FAL1kMPv', 'Jojo', 'Berry important', 'poppins', '#f2f2f27a', 'myself', NULL, '2024-03-27 12:55:38'),
('notes_2NuVN2JR', 'QHLrZ2Ge', 'Share link', 'https://keepnote00.000webhostapp.com/note/share/use-link/QHLrZ2Ge/AadmPbi0TdnkyZqu', 'Courier New', '#76ff769e', 'myself', NULL, '2024-02-02 18:51:30'),
('notes_3Jtn5TRM', '9P2Rg1ak', NULL, 'Ffgtgty', 'poppins', '#f2f2f27a', 'myself', NULL, '2024-01-11 13:05:05'),
('notes_5Oknb1cj', 'Jth0Dg9a', 'My test2', 'Wanna test the app', 'poppins', '#f2f2f27a', 'myself', NULL, '2024-01-11 09:09:01'),
('notes_6oYH1cg3', 'HCfIaoOx', 'PHP Projects that give me unfair advantages', '- KeepNote: An online note-taking app ✅\n- ChatGPT clone\n- e-commerce website\n- Online multiple-players game\n- Happenings event tickets handler (Weddings, birthday... Tickets manager) : Images and PDF generation, QR code generation\n- A blog\n- Simple QR code generator\n- URL shortner', 'poppins', '#ff5a5a74', 'myself', NULL, '2024-02-03 18:02:44'),
('notes_9g8gAu2R', 'VfBQKVFr', 'Sublime étudiant', 'J\'apprécie ton travail c\'est vraiment parfait.', 'poppins', '#f2f2f27a', 'share', 'mncvnK7CL3Da00z9', '2024-01-10 20:43:58'),
('nuvKbREX', 'HCfIaoOx', 'Concepts à rechercher plus tard', 'Concepts à rechercher :\n\n1) Jan ai, Studio LM: outil d\'ia permettant de faire tourner les ia de génération de texte en local', 'poppins', '#f2f2f27a', 'myself', NULL, '2024-02-23 18:48:13'),
('OcM2zgzs', 'YOAkaOxH', 'Boisson????', '1) malta\n2) Pallette d\'eau\n3) petite Guinness non-glacé\n4) 33 glacé\n5) Une bouteille d\'eau', 'poppins', '#f2f2f27a', 'import', 'z7yBYDP1', '2024-04-16 20:32:09'),
('oco6t7Gc', 'MJ2bgDpS', 'Tp possible :', '- Site d\'offre d\'emploi \n- Application web de vente de formation en ligne\n- Application web de gestion de restaurants\n- Application web de gestion de bibliothèque\n- Site d\'information', 'poppins', '#f2f2f27a', 'myself', NULL, '2024-05-08 16:53:15'),
('oEFuHH4b', 'Vv8SB1gb', 'Titre 1', 'Fjrbj NC JBL jb', 'serif', '#ff5a5a74', 'myself', NULL, '2024-01-19 18:05:07'),
('oMAjb8Y3', 'MJ2bgDpS', 'Apprendre Symfony 10 ensemble', 'Dans 02 semaines je commencerai à apprendre Symfony10. Si tu es chaud on commence à apprendre ensemble pour pouvoir progresser ensemble plus vite. Et pourquoi pas après faire des projets communs en Symfony?\n\nJe pense qu\'apprendre la meme chose nous deux pourrait nous aider mutuellement à mieux comprendre le framework et comment l\'utilisé.\n\nCordialement Ruben✅', 'roboto', '#ffe4c4bc', 'myself', NULL, '2024-04-12 22:39:59'),
('OUfBzorq', 'VfBQKVFr', 'Test de partage par lien', 'Si &ccedil;a fonctionne fais moi signe', 'poppins', '#f2f2f27a', 'myself', NULL, '2024-01-10 16:54:17'),
('p2RMJP3A', 'MJ2bgDpS', 'Activation key', 'ND3KS9-YTG4KJ-574F7J', 'poppins', '#f2f2f27a', 'myself', NULL, '2024-05-23 16:32:08'),
('p43rjG19', 'gHcMpd22', 'Google Gemini API key', 'AIzaSyDDXnPlZUiy9R3D2ZlyDH-nkDJJT_S-q0c\nproject_number: 799174046377', 'poppins', '#89f3ff7a', 'share', 'ykbYfIQuUDxg5ymb', '2024-06-19 11:03:35'),
('pHohuFRf', 'YOAkaOxH', '', 'Title: Boisson????\n\nBody: 1) malta\n2) Pallette d\'eau\n3) petite Guinness non-glacé\n4) 33 glacé\n5) Une bouteille d\'eau', 'poppins', '#f2f2f27a', 'share', 'qrkKuh5SmhvcX6Bh', '2024-04-16 20:32:27'),
('pn6Am7me', '4NUMTmFC', 'Just a test', 'Ki', 'poppins', '#f2f2f27a', 'myself', NULL, '2024-04-21 10:39:20'),
('Q2Nf3873', 'xIQrh1PZ', 'Note', 'Blablabla', 'poppins', '#f2f2f27a', 'myself', NULL, '2024-04-17 11:06:39'),
('Q9tVjT2D', 'HCfIaoOx', '// Save the share link', 'Link: https://keepnote00.000webhostapp.com/note/share/use-link/HCfIaoOx/qrkKuh5SmhvcX6Bh\n\nCreated at: 2024-04-16 20:29:02\nExpire at: 2024-04-17 20:29:02', 'poppins', '#f2f2f27a', 'myself', NULL, '2024-04-16 20:29:18'),
('RJ9sonH6', 'AGK77Cxr', 'Sublime &eacute;tudiant', 'J&#039;appr&eacute;cie ton travail c&#039;est vraiment parfait.', 'poppins', '#f2f2f27a', 'myself', NULL, '2024-01-10 20:42:21'),
('RKS6dlSM', 'DW4BCqhy', NULL, 'Bjr je m&#039;appelle St&eacute;phane &eacute;tudiants &agrave; IUT niveau 1 l&#039;IUT c&#039;est plut&ocirc;t le nom de l&#039;arnaque bon presque rien du tout', 'poppins', '#f2f2f27a', 'myself', NULL, '2024-01-10 18:21:32'),
('s85YDTnl', 'QHLrZ2Ge', 'Programming languages wishlist', '- C++, C\n- Python\n- Java\n- Kotlin/Java', 'poppins', '#f2f2f27a', 'share', 'j7PkPKiUNXFALlek', '2024-02-03 19:52:47'),
('sAMdjEvj', 'MJ2bgDpS', '', 'Metabase', 'poppins', '#f2f2f27a', 'myself', NULL, '2024-06-18 19:56:22'),
('sGqeE6Fl', 'Vv8SB1gb', 'My proudness', 'I\'m very proud of my work????', 'roboto', '#76ff769e', 'myself', NULL, '2024-01-10 12:43:24'),
('sHieRocL', 'FAL1kMPv', 'Apprendre Laravel 10 ensemble', 'Dans 02 semaines je commencerai à apprendre Laravel 10. Si tu es chaud on commence à apprendre ensemble pour pouvoir progresser ensemble plus vite. Et pourquoi pas après faire des projets communs en Laravel ?\n\nJe pense qu\'apprendre la meme chose nous deux pourrait nous aider mutuellement à mieux comprendre le framework et comment l\'utilisé.\n\nCordialement Ruben✅', 'Courier New', '#ffe4c4bc', 'share', '0Y2d8aManSmFQWa8', '2024-04-13 11:48:06'),
('slVGYa94', 'zFxl6wHI', 'Moi', 'Jzjehehe', 'poppins', '#f2f2f27a', 'myself', NULL, '2024-01-10 20:28:06'),
('SQePV3Ny', 'YOAkaOxH', '', 'Title: Boisson????\n\nBody: 1) malta\n2) Pallette d\'eau\n3) petite Guinness non-glacé\n4) 33 glacé\n5) Une bouteille d\'eau', 'poppins', '#f2f2f27a', 'import', 'z7yBYDP1', '2024-04-16 20:32:09'),
('svRUVZZ1', 'Jth0Dg9a', 'My test', 'This app looks great !!!', 'poppins', '#f2f2f27a', 'myself', NULL, '2024-01-11 08:51:18'),
('sWjWpIXf', 'YOAkaOxH', 'Boisson????', '1) malta\n2) Pallette d\'eau\n3) petite Guinness non-glacé\n4) 33 glacé\n5) Une bouteille d\'eau', 'poppins', '#f2f2f27a', 'share', 'qrkKuh5SmhvcX6Bh', '2024-04-16 20:32:27'),
('sYXcwohC', 'HCfIaoOx', 'Programming languages wishlist', '- C++, C\n- Python\n- Java\n- Kotlin/Java', 'poppins', '#f2f2f27a', 'myself', NULL, '2024-02-03 19:46:42'),
('t2gAwjP1', 'MJ2bgDpS', 'TP GPI projects suggestions', '- To-do list \n- interactive quiz application\n- Recipe Finder', 'poppins', '#f2f2f27a', 'myself', NULL, '2024-05-01 16:48:10'),
('TC5LXNqZ', 'HCfIaoOx', '', 'Title: Boisson????\n\nBody: 1) malta\n2) Pallette d\'eau\n3) petite Guinness non-glacé\n4) 33 glacé\n5) Une bouteille d\'eau', 'poppins', '#f2f2f27a', 'myself', NULL, '2024-04-16 20:28:42'),
('tiJj0Ewh', 'MJ2bgDpS', 'Blumdesk big computer PIN CODE', '2410', 'poppins', '#f2f2f27a', 'myself', NULL, '2024-07-06 13:49:13'),
('Uh2t0qks', 'MJ2bgDpS', '', '- Google Docs : https://docs.google.com/document/d/1vwzvovKw--gXEUAsZvGx64Nqq2QoRPIRIujhzuMDN-kE/edit?usp=sharing\n- Google Slides : https://docs.google.com/presentation/d/1fTLxNMp6F8UYGIhIQTqpo5yxLykRnVKiomjUaslt6Ow/edit?usp=sharing', 'poppins', '#f2f2f27a', 'myself', NULL, '2024-07-06 13:55:01'),
('UQvtrSc3', 'MJ2bgDpS', 'Just a keep', '- Visiter quill JS\nWinkJS: La meilleure bibliothèque de NLP en JS', 'poppins', '#ffff6aaf', 'myself', NULL, '2024-07-05 13:20:23'),
('VpKvDzm0', 'HCfIaoOx', 'Future Projet', '1) Réseau social comme x ou Medium\n2) Un dépôt de projets, les élèves de IUT pourrait présenter leur projet sur la plateforme dans le but que d\'autres les test', 'poppins', '#ff5a5a74', 'myself', NULL, '2024-04-09 08:13:21'),
('WCzYaVCW', 'MJ2bgDpS', '', '- Lazy search\n- Distance de levenshtein\n- Recherche Vectoriel\n- Vecteur\n- Corpus', 'poppins', '#f2f2f27a', 'myself', NULL, '2024-06-19 10:42:24'),
('wHQQHkSM', 'HCfIaoOx', 'Outils ai+', '- Calendly : Un outil pour prendre et ou g&eacute;rer des rendez-vous\n- Framer ai : permet de créer des sites web simples à l\'aide de prompts. Permet aussi de créer des sites web avancé et hyper personnalisé\n- Opus Clip : Permet à base de vidéos créer des shorts avec sous titres pour TikTok, YouTube...\n- Adobe FireFly : Logiciel Adobe pour traiter, modifier des images à l\'aide des prompts\n- KOME : est une extension de Google Chrome permettant de résumer des articles de pages web\n- Erase background: Un outil qui permet de supprimer le background des photos\n- ai quizz maker : une IA qui génère des quizz à partir des textes (aidant par exemple à étudier)\n- Click up, assana, Monday: pour gérer des projets\n- Linear : Outil pour gérer les projets de sites web', 'Courier New', '#89f3ff7a', 'share', 'jrT7HB4bTaslKMaN', '2024-04-07 15:41:31'),
('XkfIOpch', '7TAT5DKb', 'js code', '/**\n     * \n     * @param {Array} notes_id An array of notes\'s index\n     * @returns {void}\n     */\n    removeNotes(notes_id)\n    {\n        for (const word in this.index) \n        {\n            if (Object.hasOwnProperty.call(this.index, word)) \n            {\n                notes_id.forEach(note_id => \n                {\n                    if (this.index[word].includes(note_id))\n                    {\n                        this.index[word] = this.index[word].filter(id => id != note_id)\n                        if (this.index[word].length == 0) delete this.index[word]\n                    }\n                })\n            }\n        }\n    }', 'Courier New', '#ffff6aaf', 'share', 'iACg3iWgY5cETqWK', '2024-04-06 20:19:52'),
('XNqkf1Fm', 'QHLrZ2Ge', 'KN bugs to fixe', '- When editing a note check if there are changes before to perform SQL statements\n- In the change password, username routes the Cancel buttons should redirect to the `/yourAccount` route\n- The cross on the search bar : I have to change the type of the search input from \"search\" to \"text\"\n- In the `My account ` route I have to change the username icon\n- Remove the search bar in the `/yourAccount` route\n- Handle the select all button when finding a note\n- Handle the upload feature. To support file with uppercase extension like: .JSON or .XML\n- Fixe the fatal error, when we download a note and reload the success view\n- Change the search bar search algorithm', 'poppins', '#ffff6aaf', 'share', 'j7PkPKiUNXFALlek', '2024-02-03 19:52:47'),
('XTpV06Ub', 'xrlF5OD1', 'Jiordi', 'Ceci est un test', 'poppins', '#f2f2f27a', 'myself', NULL, '2024-01-10 14:27:26'),
('xuUhcCNw', 'Vv8SB1gb', 'WhatsApp link', 'Share : https://wa.me/send?text=Send/', 'poppins', '#76ff769e', 'myself', NULL, '2024-01-13 17:59:11'),
('Y3V7EXWO', 'MJ2bgDpS', '', 'test-cameoun-237@gmail.com', 'poppins', '#f2f2f27a', 'myself', NULL, '2024-06-26 12:34:09'),
('yI5ROBC0', 'MRqJ67KE', 'Proposition d\'application gadget industries', '1. Refaire le document d\'enquete, mettre plus l\'accent sur la technologie déployé par les concurrents\n2. Faire un nouveau cahier de charges a un document de spécifications techniques', 'poppins', '#f2f2f27a', 'share', '4R3IEWUwZRl31jqo', '2024-07-04 16:26:38'),
('zAKoRGhS', 'HCfIaoOx', 'New PWA project', 'Project name: FocusBook\nDescription :\n\nA focus book is book where you put all your preoccupations, projects, your little problem in the goal of be aware of things that clutter my mind.\nThen the user will be able to delete or save useless or useful things from this focus book reducing therefore the mental charge of the user.\nAfter the mental charge reduced, the user will be more free and get clear mind.\nIn the focus book we could be able to save our most important goals of the year ( for instance)  and see our progression \n\n\nTechnologies :\n- Boostrapp\n- PHP', 'Courier New', '#ffe4c4bc', 'myself', NULL, '2024-02-23 11:06:33'),
('Zn976f56', 'MJ2bgDpS', 'Proposition d\'application gadget industries', '1. Refaire le document d\'enquete, mettre plus l\'accent sur la technologie déployé par les concurrents\n2. Faire un nouveau cahier de charges a un document de spécifications techniques', 'poppins', '#f2f2f27a', 'myself', NULL, '2024-07-04 16:08:14'),
('zSQ82x0D', 'gHcMpd22', 'Google Bard chat link', 'https://g.co/gemini/share/6d3fd87dd9cc', 'poppins', '#76ff769e', 'share', 'ykbYfIQuUDxg5ymb', '2024-06-19 11:03:35'),
('ZVTrgxJU', 'MRqJ67KE', 'Outils ai+', '- Calendly : Un outil pour prendre et ou g&eacute;rer des rendez-vous\n- Framer ai : permet de créer des sites web simples à l\'aide de prompts. Permet aussi de créer des sites web avancé et hyper personnalisé\n- Opus Clip : Permet à base de vidéos créer des shorts avec sous titres pour TikTok, YouTube...\n- Adobe FireFly : Logiciel Adobe pour traiter, modifier des images à l\'aide des prompts\n- KOME : est une extension de Google Chrome permettant de résumer des articles de pages web\n- Erase background: Un outil qui permet de supprimer le background des photos\n- ai quizz maker : une AI qui génère des quizz à partir des textes (aidant par exemple à étudier)\n- Click up, assana, Monday: pour gérer des projets\n- Linear : Outil pour gérer les projets de sites web', 'Courier New', '#89f3ff7a', 'share', 'Ebqgqd0xG9i2P4BB', '2024-06-18 10:48:40');

-- --------------------------------------------------------

--
-- Table structure for table `visitors`
--

CREATE TABLE `visitors` (
  `id` varchar(25) NOT NULL,
  `ua` varchar(100) DEFAULT NULL,
  `ip` varchar(25) DEFAULT NULL,
  `accept_lang` varchar(100) DEFAULT NULL,
  `created_at` datetime NOT NULL DEFAULT current_timestamp()
) ENGINE=InnoDB DEFAULT CHARSET=utf8 COLLATE=utf8_unicode_ci;

--
-- Dumping data for table `visitors`
--

INSERT INTO `visitors` (`id`, `ua`, `ip`, `accept_lang`, `created_at`) VALUES
('06FFtQTL', 'Mozilla/5.0 (Windows NT 10.0; Win64; x64) AppleWebKit/537.36 (KHTML, like Gecko) Chrome/92.0.4515.13', '154.72.171.45', 'Accept-Language: fr,fr-FR;q=0.9,en;q=0.8,en-GB;q=0.7,en-US;q=0.6', '2024-06-19 08:43:54'),
('08vPqKtu', 'Mozilla/5.0 (Linux; Android 10; K) AppleWebKit/537.36 (KHTML, like Gecko) Chrome/122.0.0.0 Mobile Sa', '87.101.93.214', 'Accept-Language: en-US,en;q=0.9,fr-FR;q=0.8,fr;q=0.7', '2024-03-24 23:01:18'),
('09PTcGpz', 'Mozilla/5.0 (Linux; Android 10; K) AppleWebKit/537.36 (KHTML, like Gecko) Chrome/121.0.0.0 Mobile Sa', '208.53.195.132', 'Accept-Language: en-US,en;q=0.9', '2024-03-24 23:00:50'),
('0aNYZlI6', 'DuckDuckGo/5 (com.duckduckgo.mobile.android; Android API 30)', '154.72.150.198', NULL, '2024-04-02 05:44:11'),
('0chneafe', 'DuckDuckGo/5 (com.duckduckgo.mobile.android; Android API 30)', '154.72.150.227', NULL, '2024-04-01 23:33:49'),
('0FUpDOFL', 'DuckDuckGo/5 (com.duckduckgo.mobile.android; Android API 30)', '154.72.167.209', NULL, '2024-03-24 16:59:36'),
('0GukWWui', 'Mozilla/5.0 (Linux; Android 10; K) AppleWebKit/537.36 (KHTML, like Gecko) Chrome/122.0.0.0 Mobile Sa', '41.202.207.4', 'Accept-Language: fr-CM,fr;q=0.9,en-US;q=0.8,en;q=0.7,fr-FR;q=0.6', '2024-03-24 22:14:37'),
('0RCAsLb2', 'Mozilla/5.0 (Windows NT 10.0; Win64; x64; rv:125.0) Gecko/20100101 Firefox/125.0', '154.72.150.201', 'Accept-Language: fr,fr-FR;q=0.8,en-US;q=0.5,en;q=0.3', '2024-04-05 00:04:53'),
('0YD2Qk7D', 'MobileSafari/8616.2.9.10.13 CFNetwork/1485 Darwin/23.1.0', '102.244.222.42', 'Accept-Language: fr-FR,fr;q=0.9', '2024-04-07 09:19:08'),
('0ZhtZrMj', 'DuckDuckGo/5 (com.duckduckgo.mobile.android; Android API 30)', '154.72.150.180', NULL, '2024-04-07 10:39:05'),
('1D7xOsR6', 'DuckDuckGo/5 (com.duckduckgo.mobile.android; Android API 30)', '154.72.150.161', NULL, '2024-04-09 07:17:06'),
('1DetzeRZ', 'Mozilla/5.0 (Windows NT 10.0; Win64; x64) AppleWebKit/537.36 (KHTML, like Gecko) Chrome/126.0.0.0 Sa', '154.72.170.186', 'Accept-Language: en-US,en;q=0.9,fr;q=0.8', '2024-07-04 16:32:42'),
('1FTiHKdM', 'Mozilla/5.0 (Windows NT 10.0; Win64; x64) AppleWebKit/537.36 (KHTML, like Gecko) Chrome/125.0.0.0 Sa', '129.0.60.35', 'Accept-Language: fr-FR,fr;q=0.9,en-US;q=0.8,en;q=0.7', '2024-05-25 18:39:19'),
('1hBWElWy', 'facebookexternalhit/1.1 (+http://www.facebook.com/externalhit_uatext.php)', '2a03:2880:31ff:a::face:b0', NULL, '2024-05-03 06:15:38'),
('1jA6t7Co', 'DuckDuckGo/5 (com.duckduckgo.mobile.android; Android API 30)', '154.72.150.161', NULL, '2024-04-09 07:30:27'),
('1JMRVg2n', 'Mozilla/5.0 (Linux; Android 10; K) AppleWebKit/537.36 (KHTML, like Gecko) Chrome/123.0.6312.42 Mobil', '154.72.150.180', 'Accept-Language: en-US,en;q=0.9,fr-FR;q=0.8,fr;q=0.7', '2024-04-07 10:28:07'),
('1k71kiL7', 'WhatsApp/2.23.20.0', '154.72.167.134', 'Accept-Language: en', '2024-03-24 22:54:56'),
('1lAoIZ0c', 'DuckDuckGo/5 (com.duckduckgo.mobile.android; Android API 30)', '154.72.150.161', NULL, '2024-04-09 07:32:01'),
('1LrTejK2', 'Mozilla/5.0 (Linux; Android 7.0; SM-G930V Build/NRD90M) AppleWebKit/537.36 (KHTML, like Gecko) Chrom', '66.102.8.169', 'Accept-Language: en-US', '2024-04-07 13:27:56'),
('1rIRq7Yw', 'Mozilla/5.0 (Linux; Android 10; K) AppleWebKit/537.36 (KHTML, like Gecko) Chrome/123.0.0.0 Mobile Sa', '102.244.88.1', 'Accept-Language: fr-CM,fr-FR;q=0.9,fr;q=0.8,en-CM;q=0.7,en;q=0.6,en-US;q=0.5,af;q=0.4', '2024-04-06 19:31:56'),
('1VzrvmoX', 'Mozilla/5.0 (compatible; Googlebot/2.1; +http://www.google.com/bot.html)', '66.249.66.38', NULL, '2024-05-15 10:03:27'),
('20Nj0kct', 'Mozilla/5.0 (Linux; Android 10; K) AppleWebKit/537.36 (KHTML, like Gecko) Chrome/122.0.0.0 Mobile Sa', '41.202.219.67', 'Accept-Language: en-US,en;q=0.9,fr-FR;q=0.8,fr;q=0.7', '2024-03-27 12:43:41'),
('2CQNiWsW', 'DuckDuckGo/5 (com.duckduckgo.mobile.android; Android API 30)', '154.72.150.218', NULL, '2024-03-25 09:20:49'),
('2D67rD2t', 'DuckDuckGo/5 (com.duckduckgo.mobile.android; Android API 30)', '154.72.150.206', NULL, '2024-04-05 16:49:14'),
('2ThirCwT', 'DuckDuckGo/5 (com.duckduckgo.mobile.android; Android API 30)', '154.72.150.161', NULL, '2024-04-09 07:28:42'),
('2TS0bzDX', 'DuckDuckGo/5 (com.duckduckgo.mobile.android; Android API 30)', '154.72.150.155', NULL, '2024-04-02 17:32:30'),
('30uahWK1', 'Mozilla/5.0 (Linux; Android 10; K) AppleWebKit/537.36 (KHTML, like Gecko) Chrome/122.0.0.0 Mobile Sa', '89.38.227.66', 'Accept-Language: en-US,en;q=0.9,fr-FR;q=0.8,fr;q=0.7', '2024-03-24 23:15:04'),
('32a29OrE', 'Mozilla/5.0 (Linux; Android 10; K) AppleWebKit/537.36 (KHTML, like Gecko) Chrome/123.0.6312.42 Mobil', '154.72.150.161', 'Accept-Language: en-US,en;q=0.9,fr-FR;q=0.8,fr;q=0.7', '2024-04-09 07:28:41'),
('32KN9eOo', 'Mozilla/5.0 (Windows NT 10.0; Win64; x64; rv:125.0) Gecko/20100101 Firefox/125.0', '154.72.167.193', 'Accept-Language: fr,fr-FR;q=0.8,en-US;q=0.5,en;q=0.3', '2024-03-24 23:55:04'),
('3BScgzgo', '', '15.235.15.135', NULL, '2024-06-10 13:27:39'),
('3F0YzXZQ', 'Mozilla/5.0 (Linux; Android 6.0.1; Nexus 5X Build/MMB29P) AppleWebKit/537.36 (KHTML, like Gecko) Chr', '66.249.66.39', NULL, '2024-05-15 10:03:27'),
('3FmdA9B3', 'Mozilla/5.0 (Windows NT 10.0; Win64; x64) AppleWebKit/537.36 (KHTML, like Gecko) Chrome/121.0.0.0 Sa', '66.249.80.193', 'Accept-Language: en-US,en;q=0.9', '2024-03-28 17:27:04'),
('3ibtU5si', 'DuckDuckGo/5 (com.duckduckgo.mobile.android; Android API 30)', '154.72.150.146', NULL, '2024-03-27 12:46:24'),
('3iMBPhbp', 'Mozilla/5.0 (Macintosh; Intel Mac OS X 10_10_1) AppleWebKit/537.36 (KHTML, like Gecko) Chrome/39.0.2', '104.243.41.214', NULL, '2024-07-05 03:43:36'),
('3Kt9zL34', 'Mozilla/5.0 (Linux; Android 10; K) AppleWebKit/537.36 (KHTML, like Gecko) Chrome/123.0.0.0 Mobile Sa', '41.202.219.69', 'Accept-Language: fr-FR,fr;q=0.9,en-US;q=0.8,en;q=0.7', '2024-05-30 01:54:27'),
('3M5Mil12', 'DuckDuckGo/5 (com.duckduckgo.mobile.android; Android API 30)', '154.72.150.136', NULL, '2024-03-26 10:51:40'),
('3MwyUMlM', 'DuckDuckGo/5 (com.duckduckgo.mobile.android; Android API 30)', '154.72.150.227', NULL, '2024-04-01 23:33:50'),
('3mXEPdek', 'Mozilla/5.0 (Linux; Android 6.0.1; Nexus 5X Build/MMB29P) AppleWebKit/537.36 (KHTML, like Gecko) Chr', '66.249.66.32', NULL, '2024-06-11 00:39:15'),
('3wg6o3jw', 'Mozilla/5.0 (Windows NT 10.0; Win64; x64; rv:125.0) Gecko/20100101 Firefox/125.0', '154.72.150.139', 'Accept-Language: fr,fr-FR;q=0.8,en-US;q=0.5,en;q=0.3', '2024-03-28 16:50:37'),
('3wL6amln', 'DuckDuckGo/5 (com.duckduckgo.mobile.android; Android API 30)', '154.72.167.136', NULL, '2024-03-24 10:30:54'),
('3wnhJr6c', 'Mozilla/5.0 (Linux; Android 10; K) AppleWebKit/537.36 (KHTML, like Gecko) Chrome/123.0.0.0 Mobile Sa', '102.244.88.1', 'Accept-Language: fr-CM,fr-FR;q=0.9,fr;q=0.8,en-CM;q=0.7,en;q=0.6,en-US;q=0.5,af;q=0.4', '2024-04-06 19:34:17'),
('3Y8rxZyE', 'Mozilla/5.0 (Linux; Android 10; TECNO KE5) AppleWebKit/537.36 (KHTML, like Gecko) Chrome/106.0.0.0 M', '41.202.219.76', 'Accept-Language: fr-FR,fr;q=0.9,en-US;q=0.8,en;q=0.7', '2024-03-31 15:27:23'),
('3zcfAG5e', 'DuckDuckGo/5 (com.duckduckgo.mobile.android; Android API 30)', '154.72.150.136', NULL, '2024-03-26 10:52:41'),
('425WMDt2', 'DuckDuckGo/5 (com.duckduckgo.mobile.android; Android API 30)', '154.72.150.177', NULL, '2024-03-31 14:58:20'),
('4btwnX1b', 'Mozilla/5.0 (Linux; Android 7.0; SM-G930V Build/NRD90M) AppleWebKit/537.36 (KHTML, like Gecko) Chrom', '66.102.8.172', NULL, '2024-04-06 20:19:51'),
('4dQGBPZK', 'Mozilla/5.0 (iPhone; CPU iPhone OS 17_1_2 like Mac OS X) AppleWebKit/605.1.15 (KHTML, like Gecko) Ve', '102.244.222.137', 'Accept-Language: fr-FR,fr;q=0.9', '2024-04-06 19:35:38'),
('4GhpcpaC', 'Mozilla/5.0 (compatible; Googlebot/2.1; +http://www.google.com/bot.html)', '66.249.64.32', NULL, '2024-06-12 08:49:01'),
('4kCGpluN', 'Mozilla/5.0 (Linux; Android 10; K) AppleWebKit/537.36 (KHTML, like Gecko) Chrome/122.0.6261.119 Mobi', '154.72.167.134', 'Accept-Language: en-US,en;q=0.9,fr-FR;q=0.8,fr;q=0.7', '2024-03-24 22:21:57'),
('4NUMTmFC', 'Mozilla/5.0 (Linux; Android 11; 21061119DG) AppleWebKit/537.36 (KHTML, like Gecko) Chrome/92.0.4515.', '129.0.76.76', 'Accept-Language: en-US,en;q=0.9,fr-FR;q=0.8,fr;q=0.7', '2024-03-26 13:10:16'),
('4SBFasiR', 'Mozilla/5.0 (Windows NT 10.0; Win64; x64) AppleWebKit/537.36 (KHTML, like Gecko) Chrome/126.0.0.0 Sa', '154.72.168.147', 'Accept-Language: fr-FR,fr;q=0.9,en-US;q=0.8,en;q=0.7', '2024-07-06 13:48:07'),
('4vM5Mnf3', 'Mozilla/5.0 (Linux; Android 10; K) AppleWebKit/537.36 (KHTML, like Gecko) Chrome/124.0.0.0 Mobile Sa', '102.244.221.45', 'Accept-Language: en-US,en;q=0.9,fr;q=0.8', '2024-05-23 09:58:38'),
('4y42g7zx', 'Mozilla/5.0 (Windows NT 10.0; Win64; x64) AppleWebKit/537.36 (KHTML, like Gecko) Chrome/84.0.4147.13', '124.122.114.2', NULL, '2024-05-02 08:14:22'),
('4YRvmSry', 'Mozilla/5.0 (Windows NT 10.0; Win64; x64; rv:125.0) Gecko/20100101 Firefox/125.0', '154.72.150.201', 'Accept-Language: fr,fr-FR;q=0.8,en-US;q=0.5,en;q=0.3', '2024-04-05 00:02:41'),
('58HLbyY8', 'DuckDuckGo/5 (com.duckduckgo.mobile.android; Android API 30)', '154.72.150.177', NULL, '2024-03-31 15:16:26'),
('5Atouwqn', 'Mozilla/5.0 (Windows NT 10.0; Win64; x64; rv:125.0) Gecko/20100101 Firefox/125.0', '154.72.167.141', 'Accept-Language: fr,fr-FR;q=0.8,en-US;q=0.5,en;q=0.3', '2024-04-30 16:44:05'),
('5hkvUMjp', 'Mozilla/5.0 (Windows NT 10.0; Win64; x64) AppleWebKit/537.36 (KHTML, like Gecko) Chrome/63.0.3239.84', '103.113.33.16', NULL, '2024-04-29 16:22:44'),
('5johhsGK', 'DuckDuckGo/5 (com.duckduckgo.mobile.android; Android API 30)', '154.72.167.134', NULL, '2024-03-24 22:20:42'),
('5uFc88TE', 'Mozilla/5.0 (Windows NT 10.0; Win64; x64) AppleWebKit/537.36 (KHTML, like Gecko) Chrome/90.0.4430.85', '160.120.177.193', NULL, '2024-04-29 16:22:26'),
('5Z6XbuWd', 'Mozilla/5.0 (Linux; Android 10; TECNO KE5) AppleWebKit/537.36 (KHTML, like Gecko) Chrome/106.0.0.0 M', '41.202.219.76', 'Accept-Language: fr-FR,fr;q=0.9,en-US;q=0.8,en;q=0.7', '2024-03-31 15:23:02'),
('5z9bK6nD', 'DuckDuckGo/5 (com.duckduckgo.mobile.android; Android API 30)', '154.72.150.180', NULL, '2024-04-06 22:05:40'),
('6fvxK927', 'DuckDuckGo/5 (com.duckduckgo.mobile.android; Android API 30)', '154.72.150.146', NULL, '2024-03-27 12:45:42'),
('6FY3EXfB', 'Mozilla/5.0 (Linux; Android 10; K) AppleWebKit/537.36 (KHTML, like Gecko) Chrome/123.0.0.0 Mobile Sa', '102.244.88.1', 'Accept-Language: fr-CM,fr-FR;q=0.9,fr;q=0.8,en-CM;q=0.7,en;q=0.6,en-US;q=0.5,af;q=0.4', '2024-04-06 19:35:09'),
('6PyJ3PWL', 'DuckDuckGo/5 (com.duckduckgo.mobile.android; Android API 30)', '154.72.150.161', NULL, '2024-04-09 07:31:20'),
('6QuQDMST', 'Mozilla/5.0 (Linux; Android 14; SM-S918B) AppleWebKit/537.36 (KHTML, like Gecko) Chrome/121.0.0.0 Mo', '80.97.208.72', 'Accept-Language: en-US,en;q=0.9', '2024-03-24 22:31:20'),
('6R3fLHf1', 'DuckDuckGo/5 (com.duckduckgo.mobile.android; Android API 30)', '154.72.167.136', NULL, '2024-03-24 10:22:36'),
('6RTLeE5O', 'com.apple.WebKit.Networking/8616.2.9.10.13 CFNetwork/1485 Darwin/23.1.0', '41.202.219.79', 'Accept-Language: fr-CA,fr;q=0.9', '2024-04-03 17:31:17'),
('6vHWX6Ae', 'Mozilla/5.0 (Linux; Android 12; itel S665L) AppleWebKit/537.36 (KHTML, like Gecko) Chrome/105.0.0.0 ', '41.202.219.74', 'Accept-Language: fr-FR,fr;q=0.9,en-US;q=0.8,en;q=0.7', '2024-04-01 23:04:32'),
('7acLECph', 'TelegramBot (like TwitterBot)', '149.154.161.244', 'Accept-Language: en-US,en;q=0.5', '2024-07-06 15:11:59'),
('7CGSjxrp', 'Mozilla/5.0 (Linux; Android 7.0; SM-G930V Build/NRD90M) AppleWebKit/537.36 (KHTML, like Gecko) Chrom', '66.102.8.166', NULL, '2024-04-07 13:28:08'),
('7d7rG47W', 'Mozilla/5.0 (Linux; Android 10; K) AppleWebKit/537.36 (KHTML, like Gecko) Chrome/125.0.0.0 Mobile Sa', '154.72.167.217', 'Accept-Language: en-US,en;q=0.9,fr;q=0.8', '2024-06-15 12:14:08'),
('7iLRreD3', 'DuckDuckGo/5 (com.duckduckgo.mobile.android; Android API 30)', '154.72.150.184', NULL, '2024-04-01 21:06:59'),
('7SPQrdfK', 'Mozilla/5.0 (Linux; Android 10; K) AppleWebKit/537.36 (KHTML, like Gecko) Chrome/122.0.0.0 Mobile Sa', '89.38.227.114', 'Accept-Language: en-US,en;q=0.9,fr-FR;q=0.8,fr;q=0.7', '2024-03-24 23:11:09'),
('7TAT5DKb', 'Mozilla/5.0 (Linux; Android 10; K) AppleWebKit/537.36 (KHTML, like Gecko) Chrome/123.0.0.0 Mobile Sa', '102.244.88.1', 'Accept-Language: fr-CM,fr-FR;q=0.9,fr;q=0.8,en-CM;q=0.7,en;q=0.6,en-US;q=0.5,af;q=0.4', '2024-04-06 19:35:40'),
('7uhb2YH9', 'DuckDuckGo/5 (com.duckduckgo.mobile.android; Android API 30)', '154.72.150.161', NULL, '2024-04-09 07:29:29'),
('82k2V8zK', 'DuckDuckGo/5 (com.duckduckgo.mobile.android; Android API 30)', '154.72.167.134', NULL, '2024-03-24 22:05:37'),
('8B4XINv4', 'DuckDuckGo/5 (com.duckduckgo.mobile.android; Android API 30)', '154.72.150.170', NULL, '2024-03-30 08:52:26'),
('8CKUN6Wc', 'python-requests/2.32.3', '176.126.103.79', NULL, '2024-06-28 22:03:52'),
('8CxVYGwu', 'Mozilla/5.0 (Windows NT 10.0; Win64; x64) AppleWebKit/537.36 (KHTML, like Gecko) Chrome/124.0.0.0 Sa', '64.222.84.199', 'Accept-Language: en-US,en;q=0.9,es;q=0.8', '2024-05-25 18:39:35'),
('8eC89bju', 'Mozilla/5.0 (Windows NT 10.0; Win64; x64) AppleWebKit/537.36 (KHTML, like Gecko) Chrome/124.0.0.0 Sa', '209.141.121.133', 'Accept-Language: en-US,en;q=0.9', '2024-05-25 18:41:24'),
('8G8Q4ebe', 'TelegramBot (like TwitterBot)', '149.154.161.244', 'Accept-Language: en-US,en;q=0.5', '2024-06-18 10:32:03'),
('8gLp17Cd', 'DuckDuckGo/5 (com.duckduckgo.mobile.android; Android API 30)', '154.72.167.134', NULL, '2024-03-24 22:34:15'),
('8mP2GMd7', 'Mozilla/5.0 (Windows NT 10.0; Win64; x64) AppleWebKit/537.36 (KHTML, like Gecko) Chrome/125.0.0.0 Sa', '154.72.150.136', 'Accept-Language: en-US,en;q=0.9,fr-FR;q=0.8,fr;q=0.7', '2024-05-25 19:41:34'),
('8oYVyKSx', 'Mozilla/5.0 (Linux; Android 10; K) AppleWebKit/537.36 (KHTML, like Gecko) Chrome/123.0.0.0 Mobile Sa', '154.72.167.165', 'Accept-Language: en-US,en;q=0.9,fr;q=0.8', '2024-04-28 19:13:21'),
('8thkapJH', 'Mozilla/5.0 (Linux; Android 6.0.1; Nexus 5X Build/MMB29P) AppleWebKit/537.36 (KHTML, like Gecko) Chr', '66.249.64.39', NULL, '2024-06-15 23:53:06'),
('8vvEctU7', 'DuckDuckGo/5 (com.duckduckgo.mobile.android; Android API 30)', '154.72.167.136', NULL, '2024-03-24 10:46:31'),
('8wIMIYYk', 'Mozilla/5.0 (Windows NT 10.0; Win64; x64) AppleWebKit/537.36 (KHTML, like Gecko) Chrome/120.0.0.0 Sa', '74.125.113.25', 'Accept-Language: en-US,en;q=0.9', '2024-03-28 17:29:09'),
('8WMOv8lG', 'Mozilla/5.0 (Linux; Android 14; SM-S916U) AppleWebKit/537.36 (KHTML, like Gecko) Chrome/121.0.0.0 Mo', '208.117.251.117', 'Accept-Language: en-US,en;q=0.9', '2024-04-17 11:00:30'),
('8WZmeiGW', 'Mozilla/5.0 (X11; Linux x86_64) AppleWebKit/537.36 (KHTML, like Gecko) Chrome/122.0.0.0 Safari/537.3', '154.72.150.225', 'Accept-Language: en-US,en;q=0.9,fr;q=0.8', '2024-03-31 12:40:57'),
('8Z3Axd5b', 'Mozilla/5.0 (Linux; Android 10; K) AppleWebKit/537.36 (KHTML, like Gecko) Chrome/122.0.6261.119 Mobi', '154.72.167.134', 'Accept-Language: en-US,en;q=0.9,fr-FR;q=0.8,fr;q=0.7', '2024-03-24 22:21:44'),
('8Zxb6Kbh', 'Mozilla/5.0 (Windows NT 10.0; Win64; x64; rv:125.0) Gecko/20100101 Firefox/125.0', '154.72.150.201', 'Accept-Language: fr,fr-FR;q=0.8,en-US;q=0.5,en;q=0.3', '2024-04-05 00:44:40'),
('905Mpkyc', 'Mozilla/5.0 (Windows NT 10.0; Win64; x64) AppleWebKit/537.36 (KHTML, like Gecko) Chrome/125.0.0.0 Sa', '2c0f:2a80:216:4b10:6914:e', 'Accept-Language: en-US,en;q=0.9,fr;q=0.8', '2024-05-19 21:56:23'),
('94rTjlOH', 'Mozilla/5.0 (Windows NT 10.0; Win64; x64) AppleWebKit/537.36 (KHTML, like Gecko) Chrome/126.0.0.0 Sa', '154.72.170.186', 'Accept-Language: en-US,en;q=0.9,fr;q=0.8', '2024-07-04 15:38:24'),
('9ADxSh4d', 'Mozilla/5.0 (X11; Linux x86_64) AppleWebKit/537.36 (KHTML, like Gecko) Chrome/122.0.0.0 Safari/537.3', '154.72.150.153', 'Accept-Language: en-US,en;q=0.9,fr;q=0.8', '2024-04-02 08:29:27'),
('9BiDeU3W', 'DuckDuckGo/5 (com.duckduckgo.mobile.android; Android API 30)', '154.72.150.227', NULL, '2024-04-01 23:45:48'),
('9JSh11xh', 'Mozilla/5.0 (Windows NT 10.0; Win64; x64; rv:125.0) Gecko/20100101 Firefox/125.0', '154.72.150.212', 'Accept-Language: fr,fr-FR;q=0.8,en-US;q=0.5,en;q=0.3', '2024-03-25 21:33:51'),
('9KrPhbdR', 'Mozilla/5.0 (Linux; U; Android 11; fr-fr; Redmi 10 Build/RP1A.200720.011) AppleWebKit/537.36 (KHTML,', '196.202.236.195', 'Accept-Language: fr-FR,fr;q=0.9,en-US;q=0.8,en;q=0.7', '2024-03-24 19:10:13'),
('A0ppgGLZ', 'Mozilla/5.0 (iPhone; CPU iPhone OS 17_1_2 like Mac OS X) AppleWebKit/605.1.15 (KHTML, like Gecko) Ve', '41.202.219.79', 'Accept-Language: fr-CA,fr;q=0.9', '2024-04-03 17:25:12'),
('a5tMGUhE', 'DuckDuckGo/5 (com.duckduckgo.mobile.android; Android API 30)', '154.72.150.155', NULL, '2024-04-02 17:33:12'),
('A9x4WMkV', 'DuckDuckGo/5 (com.duckduckgo.mobile.android; Android API 30)', '154.72.167.193', NULL, '2024-03-25 00:18:04'),
('AaD4HAB5', 'facebookexternalhit/1.1 (+http://www.facebook.com/externalhit_uatext.php)', '2a03:2880:22ff::face:b00c', NULL, '2024-05-29 05:57:42'),
('Aao7JKI5', 'Mozilla/5.0 (Linux; Android 12; itel S665L) AppleWebKit/537.36 (KHTML, like Gecko) Chrome/105.0.0.0 ', '41.202.219.74', 'Accept-Language: fr-FR,fr;q=0.9,en-US;q=0.8,en;q=0.7', '2024-04-01 23:03:46'),
('adATIdkR', 'DuckDuckGo/5 (com.duckduckgo.mobile.android; Android API 30)', '154.72.150.161', NULL, '2024-04-09 07:32:18'),
('Ag7b0Jsf', 'Mozilla/5.0 (Windows NT 10.0; Win64; x64; rv:125.0) Gecko/20100101 Firefox/125.0', '154.72.150.201', 'Accept-Language: fr,fr-FR;q=0.8,en-US;q=0.5,en;q=0.3', '2024-04-05 00:16:35'),
('AGpZpXzV', 'Mozilla/5.0 (Linux; Android 10; K) AppleWebKit/537.36 (KHTML, like Gecko) Chrome/122.0.0.0 Mobile Sa', '154.72.150.225', 'Accept-Language: en-US,en;q=0.9,fr;q=0.8', '2024-03-31 12:36:29'),
('AHDiQBZb', 'Mozilla/5.0 (Linux; Android 6.0.1; Nexus 5X Build/MMB29P) AppleWebKit/537.36 (KHTML, like Gecko) Chr', '66.249.64.41', NULL, '2024-04-09 16:12:52'),
('ahjKeWt8', 'DuckDuckGo/5 (com.duckduckgo.mobile.android; Android API 30)', '154.72.167.134', NULL, '2024-03-24 22:28:36'),
('aiZzfnS1', 'Mozilla/5.0 (Windows NT 10.0; Win64; x64) AppleWebKit/537.36 (KHTML, like Gecko) Chrome/125.0.0.0 Sa', '129.0.60.35', 'Accept-Language: fr-FR,fr;q=0.9,en-US;q=0.8,en;q=0.7', '2024-05-25 18:46:35'),
('amCzWMOq', 'Mozilla/5.0 (Linux; Android 12; itel S665L) AppleWebKit/537.36 (KHTML, like Gecko) Chrome/105.0.0.0 ', '41.202.219.74', 'Accept-Language: fr-FR,fr;q=0.9,en-US;q=0.8,en;q=0.7', '2024-04-01 23:01:07'),
('AqN5TKGD', 'DuckDuckGo/5 (com.duckduckgo.mobile.android; Android API 30)', '154.72.150.201', NULL, '2024-04-04 23:16:36'),
('AsyK81w4', 'Mozilla/5.0 (iPhone; CPU iPhone OS 17_4_1 like Mac OS X) AppleWebKit/605.1.15 (KHTML, like Gecko) Ve', '154.72.150.153', 'Accept-Language: fr-FR,fr;q=0.9', '2024-04-29 14:53:12'),
('aTkgDxeb', 'DuckDuckGo/5 (com.duckduckgo.mobile.android; Android API 30)', '154.72.167.136', NULL, '2024-03-24 10:22:40'),
('ATlf9Zhs', 'Mozilla/5.0 (Linux; Android 6.0.1; Nexus 5X Build/MMB29P) AppleWebKit/537.36 (KHTML, like Gecko) Chr', '66.249.64.36', NULL, '2024-05-30 09:59:50'),
('aUhnjIVP', 'Mozilla/5.0 (Windows NT 10.0; Win64; x64; rv:125.0) Gecko/20100101 Firefox/125.0', '154.72.150.139', 'Accept-Language: fr,fr-FR;q=0.8,en-US;q=0.5,en;q=0.3', '2024-03-28 16:47:31'),
('Av4PIOmb', 'DuckDuckGo/5 (com.duckduckgo.mobile.android; Android API 30)', '154.72.167.134', NULL, '2024-03-24 22:21:45'),
('Aw0daI7F', 'facebookexternalhit/1.1 (+http://www.facebook.com/externalhit_uatext.php)', '2a03:2880:31ff:4::face:b0', NULL, '2024-03-29 12:33:00'),
('BAFq7qB6', 'DuckDuckGo/5 (com.duckduckgo.mobile.android; Android API 30)', '154.72.150.161', NULL, '2024-04-09 07:27:30'),
('BCzp8ydz', 'Mozilla/5.0 (Linux; Android 6.0.1; Nexus 5X Build/MMB29P) AppleWebKit/537.36 (KHTML, like Gecko) Chr', '66.249.64.37', NULL, '2024-06-15 16:13:45'),
('BHeK3UKN', 'Mozilla/5.0 (X11; Linux x86_64) AppleWebKit/537.36 (KHTML, like Gecko) Chrome/81.0.4044.129 Safari/5', '78.153.140.224', NULL, '2024-07-02 04:09:40'),
('BkbEr3UB', 'Mozilla/5.0 (Linux; Android 10; TECNO KE5) AppleWebKit/537.36 (KHTML, like Gecko) Chrome/106.0.0.0 M', '41.202.219.76', 'Accept-Language: fr-FR,fr;q=0.9,en-US;q=0.8,en;q=0.7', '2024-03-31 15:26:07'),
('BNxjCrFO', 'Mozilla/5.0 (Linux; Android 10; K) AppleWebKit/537.36 (KHTML, like Gecko) Chrome/122.0.0.0 Mobile Sa', '87.101.93.214', 'Accept-Language: en-US,en;q=0.9,fr-FR;q=0.8,fr;q=0.7', '2024-03-24 23:01:22'),
('bO9hG7x3', 'Mozilla/5.0 (Linux; Android 7.0; SM-G930V Build/NRD90M) AppleWebKit/537.36 (KHTML, like Gecko) Chrom', '74.125.212.37', 'Accept-Language: en-US', '2024-04-16 20:32:30'),
('boSeTPMZ', 'Mozilla/5.0 (Linux; Android 10; K) AppleWebKit/537.36 (KHTML, like Gecko) Chrome/119.0.0.0 Mobile Sa', '89.38.227.130', 'Accept-Language: en-CA,en;q=0.9,fr-FR;q=0.8,fr;q=0.7,en-US;q=0.6', '2024-03-24 17:31:01'),
('bOYKEF4u', 'Mozilla/5.0 (Linux; Android 10; K) AppleWebKit/537.36 (KHTML, like Gecko) Chrome/122.0.0.0 Mobile Sa', '41.202.207.4', 'Accept-Language: fr-CM,fr;q=0.9,en-US;q=0.8,en;q=0.7,fr-FR;q=0.6', '2024-03-24 22:19:14'),
('BoziwI4D', 'WhatsApp/2.23.20.0', '154.72.150.221', 'Accept-Language: en', '2024-04-12 23:35:52'),
('BPjvFTRD', 'DuckDuckGo/5 (com.duckduckgo.mobile.android; Android API 30)', '154.72.167.222', NULL, '2024-04-28 18:53:49'),
('BuTo2wHg', 'WhatsApp/2.23.20.0', '154.72.150.130', 'Accept-Language: en', '2024-04-03 12:54:48'),
('bVYQhcby', 'Mozilla/5.0 (Linux; Android 10; K) AppleWebKit/537.36 (KHTML, like Gecko) Chrome/122.0.0.0 Mobile Sa', '41.202.219.67', 'Accept-Language: en-US,en;q=0.9,fr-FR;q=0.8,fr;q=0.7', '2024-03-27 12:34:10'),
('BwbiYMu6', 'DuckDuckGo/5 (com.duckduckgo.mobile.android; Android API 30)', '154.72.150.184', NULL, '2024-04-01 22:19:03'),
('bx3lKrDh', 'Mozilla/5.0 (Linux; Android 10; K) AppleWebKit/537.36 (KHTML, like Gecko) Chrome/122.0.0.0 Mobile Sa', '193.27.12.130', 'Accept-Language: en-US,en;q=0.9,fr-FR;q=0.8,fr;q=0.7', '2024-03-24 23:03:11'),
('BY0Q3ErP', 'DuckDuckGo/5 (com.duckduckgo.mobile.android; Android API 30)', '154.72.150.153', NULL, '2024-04-02 13:45:13'),
('by8QakBb', 'Mozilla/5.0 (Linux; Android 10; K) AppleWebKit/537.36 (KHTML, like Gecko) SamsungBrowser/25.0 Chrome', '172.59.136.77', 'Accept-Language: en-US,en;q=0.9', '2024-07-04 09:49:19'),
('Bz4502mG', 'Mozilla/5.0 (Linux; Android 10; K) AppleWebKit/537.36 (KHTML, like Gecko) Chrome/122.0.0.0 Mobile Sa', '41.202.207.4', 'Accept-Language: fr-CM,fr;q=0.9,en-US;q=0.8,en;q=0.7,fr-FR;q=0.6', '2024-03-24 22:11:35'),
('c4r4Xuco', 'DuckDuckGo/5 (com.duckduckgo.mobile.android; Android API 30)', '154.72.150.237', NULL, '2024-03-25 08:31:03'),
('c5gmb5Xg', 'facebookexternalhit/1.1 (+http://www.facebook.com/externalhit_uatext.php)', '2a03:2880:13ff:3::face:b0', NULL, '2024-05-19 06:01:46'),
('c83CsFIA', 'DuckDuckGo/5 (com.duckduckgo.mobile.android; Android API 30)', '154.72.150.218', NULL, '2024-03-25 08:44:20'),
('C86FgI5x', 'Mozilla/5.0 (Windows NT 10.0; Win64; x64; rv:125.0) Gecko/20100101 Firefox/125.0', '154.72.167.157', 'Accept-Language: fr,fr-FR;q=0.8,en-US;q=0.5,en;q=0.3', '2024-03-24 20:02:58'),
('CaW7HwsE', 'Mozilla/5.0 (Linux; Android 10; K) AppleWebKit/537.36 (KHTML, like Gecko) Chrome/126.0.0.0 Mobile Sa', '154.72.150.197', 'Accept-Language: en-US,en;q=0.9,fr;q=0.8', '2024-07-12 19:44:12'),
('ccoV6kdq', 'Mozilla/5.0 (Linux; Android 11; 21061119DG) AppleWebKit/537.36 (KHTML, like Gecko) Chrome/92.0.4515.', '129.0.76.76', 'Accept-Language: en-US,en;q=0.9,fr-FR;q=0.8,fr;q=0.7', '2024-03-26 13:10:10'),
('cDL29qiN', 'Mozilla/5.0 (Windows NT 10.0; Win64; x64; rv:125.0) Gecko/20100101 Firefox/125.0', '154.72.167.157', 'Accept-Language: fr,fr-FR;q=0.8,en-US;q=0.5,en;q=0.3', '2024-03-24 20:02:53'),
('CdO1MvI7', 'DuckDuckGo/5 (com.duckduckgo.mobile.android; Android API 30)', '154.72.150.146', NULL, '2024-03-27 12:43:50'),
('cEWweBR5', 'DuckDuckGo/5 (com.duckduckgo.mobile.android; Android API 30)', '154.72.170.225', NULL, '2024-07-05 17:17:27'),
('cGAQFt5J', 'DuckDuckGo/5 (com.duckduckgo.mobile.android; Android API 30)', '154.72.167.222', NULL, '2024-04-28 18:50:04'),
('cLQdsQxc', 'Mozilla/5.0 (Linux; Android 7.0; SM-G930V Build/NRD90M) AppleWebKit/537.36 (KHTML, like Gecko) Chrom', '66.102.8.168', 'Accept-Language: en-US', '2024-04-07 13:28:08'),
('CMDCXhzo', 'Mozilla/5.0 (Linux; Android 10; K) AppleWebKit/537.36 (KHTML, like Gecko) Chrome/124.0.0.0 Mobile Sa', '154.72.150.136', 'Accept-Language: en-US,en;q=0.9,fr;q=0.8', '2024-05-25 18:34:05'),
('COKa6sGv', 'facebookexternalhit/1.1 (+http://www.facebook.com/externalhit_uatext.php)', '2a03:2880:13ff:f::face:b0', NULL, '2024-05-30 10:24:03'),
('CrFQU0jx', 'DuckDuckGo/5 (com.duckduckgo.mobile.android; Android API 30)', '154.72.167.222', NULL, '2024-04-28 18:53:46'),
('cSaTr0wl', 'Mozilla/5.0 (Linux; Android 14; SM-S908U) AppleWebKit/537.36 (KHTML, like Gecko) Chrome/121.0.0.0 Mo', '162.221.128.164', 'Accept-Language: en-US,en;q=0.9', '2024-03-31 15:23:35'),
('CvWrXLur', 'Mozilla/5.0 (Windows NT 10.0; Win64; x64) AppleWebKit/537.36 (KHTML, like Gecko) Chrome/125.0.0.0 Sa', '23.228.130.201', 'Accept-Language: en-US,en;q=0.9', '2024-06-19 09:04:29'),
('cxiF9Mw3', 'Mozilla/5.0 (Linux; Android 10; K) AppleWebKit/537.36 (KHTML, like Gecko) Chrome/122.0.0.0 Mobile Sa', '89.38.227.70', 'Accept-Language: en-US,en;q=0.9,fr-FR;q=0.8,fr;q=0.7', '2024-03-24 22:23:11'),
('cYwmSDjJ', 'Mozilla/5.0 (Linux; Android 10; K) AppleWebKit/537.36 (KHTML, like Gecko) Chrome/119.0.0.0 Mobile Sa', '38.132.126.218', 'Accept-Language: en-CM,en;q=0.9,fr-CM;q=0.8,fr;q=0.7,en-US;q=0.6', '2024-03-25 06:18:10'),
('d89iPYoT', 'DuckDuckGo/5 (com.duckduckgo.mobile.android; Android API 30)', '154.72.150.131', NULL, '2024-04-03 15:43:10'),
('DbNbsUdI', 'Mozilla/5.0 (compatible; Googlebot/2.1; +http://www.google.com/bot.html)', '66.249.66.45', NULL, '2024-04-06 15:45:56'),
('Degi18rl', 'facebookexternalhit/1.1 (+http://www.facebook.com/externalhit_uatext.php)', '2a03:2880:ff:74::face:b00', NULL, '2024-07-03 06:02:59'),
('Df2nJMOi', 'Mozilla/5.0 (Linux; Android 10; K) AppleWebKit/537.36 (KHTML, like Gecko) Chrome/122.0.0.0 Mobile Sa', '146.70.51.238', 'Accept-Language: en-US,en;q=0.9,fr-FR;q=0.8,fr;q=0.7', '2024-03-24 22:30:37'),
('DG6Ukz3P', 'Mozilla/5.0 (Linux; Android 10; K) AppleWebKit/537.36 (KHTML, like Gecko) Chrome/122.0.0.0 Mobile Sa', '41.202.219.67', 'Accept-Language: en-US,en;q=0.9,fr-FR;q=0.8,fr;q=0.7', '2024-03-27 12:36:23'),
('Dh3c487r', 'DuckDuckGo/5 (com.duckduckgo.mobile.android; Android API 30)', '154.72.167.166', NULL, '2024-03-24 14:25:55'),
('DljTQoX1', 'DuckDuckGo/5 (com.duckduckgo.mobile.android; Android API 30)', '154.72.150.177', NULL, '2024-03-31 14:58:13'),
('dNyIrAwY', 'DuckDuckGo/5 (com.duckduckgo.mobile.android; Android API 30)', '154.72.170.225', NULL, '2024-07-05 17:01:05'),
('DUbRbIII', 'Mozilla/5.0 (Linux; Android 6.0.1; Nexus 5X Build/MMB29P) AppleWebKit/537.36 (KHTML, like Gecko) Chr', '66.249.64.32', NULL, '2024-04-12 07:22:53'),
('DUOmsoxz', 'DuckDuckGo/5 (com.duckduckgo.mobile.android; Android API 30)', '154.72.167.134', NULL, '2024-03-24 22:30:44'),
('DVLsbKEq', 'Mozilla/5.0 (Linux; Android 10; K) AppleWebKit/537.36 (KHTML, like Gecko) Chrome/122.0.0.0 Mobile Sa', '87.101.93.214', 'Accept-Language: en-US,en;q=0.9,fr-FR;q=0.8,fr;q=0.7', '2024-03-24 22:59:48'),
('dy1cA5v4', 'DuckDuckGo/5 (com.duckduckgo.mobile.android; Android API 30)', '154.72.150.227', NULL, '2024-04-01 23:50:49'),
('dyrp4aPu', 'DuckDuckGo/5 (com.duckduckgo.mobile.android; Android API 30)', '154.72.167.134', NULL, '2024-03-24 22:30:48'),
('dZs12yC3', 'WhatsApp/2.23.20.0', '154.72.150.221', 'Accept-Language: en', '2024-04-12 22:54:07'),
('e1KpjYm9', 'Mozilla/5.0 (Linux; Android 7.0; SM-G930V Build/NRD90M) AppleWebKit/537.36 (KHTML, like Gecko) Chrom', '66.102.8.168', 'Accept-Language: en-US', '2024-04-07 13:28:08'),
('E2oDUORh', 'Mozilla/5.0 (iPhone; CPU iPhone OS 17_4_1 like Mac OS X) AppleWebKit/605.1.15 (KHTML, like Gecko) Ve', '102.244.220.135', 'Accept-Language: fr-FR,fr;q=0.9', '2024-04-03 16:57:41'),
('E6E9QVKO', 'DuckDuckGo/5 (com.duckduckgo.mobile.android; Android API 30)', '154.72.167.134', NULL, '2024-03-24 22:34:54'),
('E9V5uSNp', 'Mozilla/5.0 (Linux; Android 10; TECNO KE5) AppleWebKit/537.36 (KHTML, like Gecko) Chrome/106.0.0.0 M', '41.202.219.76', 'Accept-Language: fr-FR,fr;q=0.9,en-US;q=0.8,en;q=0.7', '2024-03-31 15:25:02'),
('eAL4ZKIr', 'DuckDuckGo/5 (com.duckduckgo.mobile.android; Android API 30)', '154.72.150.161', NULL, '2024-04-09 07:29:19'),
('eBkycRSg', 'DuckDuckGo/5 (com.duckduckgo.mobile.android; Android API 30)', '154.72.167.157', NULL, '2024-03-24 23:08:31'),
('eCbatREU', 'Mozilla/5.0 (Linux; Android 10; TECNO KE5) AppleWebKit/537.36 (KHTML, like Gecko) Chrome/106.0.0.0 M', '41.202.219.76', 'Accept-Language: fr-FR,fr;q=0.9,en-US;q=0.8,en;q=0.7', '2024-03-31 15:23:26'),
('ED1N7vEB', 'DuckDuckGo/5 (com.duckduckgo.mobile.android; Android API 30)', '154.72.150.227', NULL, '2024-04-01 23:45:53'),
('efreUCiB', 'Mozilla/5.0 (Linux; Android 10; K) AppleWebKit/537.36 (KHTML, like Gecko) Chrome/122.0.6261.119 Mobi', '154.72.150.227', 'Accept-Language: en-US,en;q=0.9,fr-FR;q=0.8,fr;q=0.7', '2024-04-01 23:19:21'),
('egCx8CaP', 'Mozilla/5.0 (Windows NT 10.0; WOW64) AppleWebKit/537.36 (KHTML, like Gecko) Chrome/83.0.4103.116 Saf', '103.90.211.178', NULL, '2024-05-02 08:14:26'),
('EGYRZCNw', 'Mozilla/5.0 (X11; Linux x86_64) AppleWebKit/537.36 (KHTML, like Gecko) Chrome/122.0.0.0 Safari/537.3', '154.72.150.227', 'Accept-Language: en-US,en;q=0.9,fr;q=0.8', '2024-04-01 23:48:08'),
('ElY4v4v3', 'Mozilla/5.0 (X11; Linux x86_64) AppleWebKit/537.36 (KHTML, like Gecko) Chrome/122.0.0.0 Safari/537.3', '154.72.150.225', 'Accept-Language: en-US,en;q=0.9,fr;q=0.8', '2024-03-31 12:35:56'),
('Emf1UgPl', 'Mozilla/5.0 (Linux; Android 10; K) AppleWebKit/537.36 (KHTML, like Gecko) Chrome/122.0.0.0 Mobile Sa', '41.202.219.67', 'Accept-Language: en-US,en;q=0.9,fr-FR;q=0.8,fr;q=0.7', '2024-03-27 12:34:26'),
('eMZwfab8', 'DuckDuckGo/5 (com.duckduckgo.mobile.android; Android API 30)', '154.72.150.155', NULL, '2024-04-02 16:22:37'),
('EPDJItwt', 'Mozilla/5.0 (Linux; Android 10; K) AppleWebKit/537.36 (KHTML, like Gecko) Chrome/122.0.0.0 Mobile Sa', '89.38.227.66', 'Accept-Language: en-US,en;q=0.9,fr-FR;q=0.8,fr;q=0.7', '2024-03-24 23:14:25'),
('EpMnINVQ', 'DuckDuckGo/5 (com.duckduckgo.mobile.android; Android API 30)', '154.72.167.136', NULL, '2024-03-24 10:45:23'),
('eq8HL5sR', 'DuckDuckGo/5 (com.duckduckgo.mobile.android; Android API 30)', '154.72.167.134', NULL, '2024-03-24 22:30:54'),
('equZyHe0', 'Mozilla/5.0 (Linux; Android 7.0; SM-G930V Build/NRD90M) AppleWebKit/537.36 (KHTML, like Gecko) Chrom', '74.125.212.32', 'Accept-Language: en-US', '2024-04-06 19:32:35'),
('etFEbM7J', 'DuckDuckGo/5 (com.duckduckgo.mobile.android; Android API 30)', '154.72.150.175', NULL, '2024-03-29 09:45:25'),
('evBZrSNG', 'DuckDuckGo/5 (com.duckduckgo.mobile.android; Android API 30)', '154.72.167.193', NULL, '2024-03-25 00:19:39'),
('eVcxWS0u', 'DuckDuckGo/5 (com.duckduckgo.mobile.android; Android API 30)', '154.72.150.217', NULL, '2024-04-03 15:50:25'),
('EvQPZf3K', 'DuckDuckGo/5 (com.duckduckgo.mobile.android; Android API 30)', '154.72.150.177', NULL, '2024-03-31 14:48:48'),
('evyh6QTF', '', '15.235.15.135', NULL, '2024-05-16 11:28:34'),
('EW1rZQqT', 'Mozilla/5.0 (Linux; Android 10; K) AppleWebKit/537.36 (KHTML, like Gecko) Chrome/123.0.6312.42 Mobil', '154.72.150.180', 'Accept-Language: en-US,en;q=0.9,fr-FR;q=0.8,fr;q=0.7', '2024-04-07 10:31:40'),
('eWnsIlDa', 'Mozilla/5.0 (Linux; Android 12; itel S665L) AppleWebKit/537.36 (KHTML, like Gecko) Chrome/105.0.0.0 ', '41.202.219.74', 'Accept-Language: fr-FR,fr;q=0.9,en-US;q=0.8,en;q=0.7', '2024-04-01 23:00:42'),
('eYJjdF4K', 'DuckDuckGo/5 (com.duckduckgo.mobile.android; Android API 30)', '154.72.167.222', NULL, '2024-04-28 18:50:54'),
('eZ2htICO', 'DuckDuckGo/5 (com.duckduckgo.mobile.android; Android API 30)', '154.72.150.217', NULL, '2024-04-03 15:46:46'),
('eZ9gi7wP', 'Mozilla/5.0 (Linux; Android 10; K) AppleWebKit/537.36 (KHTML, like Gecko) Chrome/123.0.6312.42 Mobil', '154.72.150.180', 'Accept-Language: en-US,en;q=0.9,fr-FR;q=0.8,fr;q=0.7', '2024-04-07 10:27:39'),
('f2bLTc2v', 'Mozilla/5.0 (Linux; U; Android 13; Pixel 4a (5G) Build/TQ3A.230901.001; wv) AppleWebKit/537.36 (KHTM', '129.0.99.227', 'Accept-Language: fr-CM,fr;q=0.9,en-US;q=0.8,en;q=0.7', '2024-04-07 19:06:17'),
('F4J5ssJt', 'DuckDuckGo/5 (com.duckduckgo.mobile.android; Android API 30)', '154.72.150.155', NULL, '2024-04-02 16:19:26'),
('f6d3O6MO', 'Mozilla/5.0 (Linux; Android 10; K) AppleWebKit/537.36 (KHTML, like Gecko) Chrome/122.0.0.0 Mobile Sa', '146.70.51.238', 'Accept-Language: en-US,en;q=0.9,fr-FR;q=0.8,fr;q=0.7', '2024-03-24 22:31:18'),
('F6MsWo91', 'Mozilla/5.0 (Linux; Android 7.0; SM-G930V Build/NRD90M) AppleWebKit/537.36 (KHTML, like Gecko) Chrom', '74.125.212.40', 'Accept-Language: en-US', '2024-04-06 19:32:35'),
('F8dX83PF', 'Mozilla/5.0 (Windows NT 10.0; Win64; x64; rv:125.0) Gecko/20100101 Firefox/125.0', '154.72.150.139', 'Accept-Language: fr,fr-FR;q=0.8,en-US;q=0.5,en;q=0.3', '2024-03-28 16:51:07'),
('FaEcgkZC', 'Mozilla/5.0 (Linux; Android 10; K) AppleWebKit/537.36 (KHTML, like Gecko) SamsungBrowser/25.0 Chrome', '204.186.55.229', 'Accept-Language: fa-IR,fa;q=0.9,en-US;q=0.8,en;q=0.7', '2024-06-05 03:59:39'),
('FAL1kMPv', 'Mozilla/5.0 (Linux; Android 10; K) AppleWebKit/537.36 (KHTML, like Gecko) Chrome/122.0.0.0 Mobile Sa', '41.202.219.67', 'Accept-Language: en-US,en;q=0.9,fr-FR;q=0.8,fr;q=0.7', '2024-03-27 12:50:49'),
('FaW2ucG3', 'Mozilla/5.0 (Linux; Android 10; K) AppleWebKit/537.36 (KHTML, like Gecko) Chrome/122.0.0.0 Mobile Sa', '146.70.51.238', 'Accept-Language: en-US,en;q=0.9,fr-FR;q=0.8,fr;q=0.7', '2024-03-24 22:56:54'),
('fc8jj9JB', 'DuckDuckGo/5 (com.duckduckgo.mobile.android; Android API 30)', '154.72.167.136', NULL, '2024-03-24 10:33:15'),
('fEcYO0Ym', 'DuckDuckGo/5 (com.duckduckgo.mobile.android; Android API 30)', '154.72.150.177', NULL, '2024-03-31 15:15:46'),
('FEL7clNC', 'DuckDuckGo/5 (com.duckduckgo.mobile.android; Android API 30)', '154.72.150.161', NULL, '2024-04-09 07:16:14'),
('FESLQ9Fy', 'Mozilla/5.0 (Linux; Android 10; K) AppleWebKit/537.36 (KHTML, like Gecko) Chrome/122.0.0.0 Mobile Sa', '87.101.93.214', 'Accept-Language: en-US,en;q=0.9,fr-FR;q=0.8,fr;q=0.7', '2024-03-24 23:00:56'),
('fggkPruC', 'facebookexternalhit/1.1 (+http://www.facebook.com/externalhit_uatext.php)', '2a03:2880:13ff:74::face:b', NULL, '2024-05-30 23:37:23'),
('FgKNPwRB', 'DuckDuckGo/5 (com.duckduckgo.mobile.android; Android API 30)', '154.72.167.157', NULL, '2024-03-24 23:16:44'),
('fIKjFgOc', 'Mozilla/5.0 (Linux; Android 10; K) AppleWebKit/537.36 (KHTML, like Gecko) Chrome/120.0.0.0 Mobile Sa', '66.60.182.71', 'Accept-Language: en-US,en;q=0.9', '2024-03-27 12:45:57'),
('fkH3ayf6', 'Mozilla/5.0 (Linux; Android 10; K) AppleWebKit/537.36 (KHTML, like Gecko) Chrome/122.0.6261.119 Mobi', '154.72.150.227', 'Accept-Language: en-US,en;q=0.9,fr-FR;q=0.8,fr;q=0.7', '2024-04-01 23:33:46'),
('fLbGxlAp', 'facebookexternalhit/1.1 (+http://www.facebook.com/externalhit_uatext.php)', '2a03:2880:13ff:b::face:b0', NULL, '2024-06-01 00:22:47'),
('Flmpgg1j', 'DuckDuckGo/5 (com.duckduckgo.mobile.android; Android API 30)', '154.72.150.161', NULL, '2024-04-09 07:25:59'),
('FmeCAgo8', 'DuckDuckGo/5 (com.duckduckgo.mobile.android; Android API 30)', '154.72.167.193', NULL, '2024-03-24 23:22:52'),
('FMFOqn6A', 'Mozilla/5.0 (Linux; Android 10; K) AppleWebKit/537.36 (KHTML, like Gecko) Chrome/119.0.0.0 Mobile Sa', '89.38.227.74', 'Accept-Language: fr-CM,fr;q=0.9,en-CA;q=0.8,en;q=0.7,fr-FR;q=0.6,en-US;q=0.5', '2024-06-04 21:03:29'),
('FrvO3nFP', 'DuckDuckGo/5 (com.duckduckgo.mobile.android; Android API 30)', '154.72.150.161', NULL, '2024-04-09 07:31:43'),
('Ftp17arn', 'DuckDuckGo/5 (com.duckduckgo.mobile.android; Android API 30)', '154.72.167.136', NULL, '2024-03-24 10:47:28'),
('FWYpQQ5q', 'Mozilla/5.0 (Linux; Android 10; K) AppleWebKit/537.36 (KHTML, like Gecko) Chrome/121.0.0.0 Mobile Sa', '41.202.207.4', 'Accept-Language: fr-CM,fr;q=0.6', '2024-03-24 22:39:27'),
('fz1xxaGj', 'Mozilla/5.0 (Linux; Android 7.0; SM-G930V Build/NRD90M) AppleWebKit/537.36 (KHTML, like Gecko) Chrom', '74.125.212.39', 'Accept-Language: en-US', '2024-04-16 20:31:11'),
('g1xJWUwL', 'DuckDuckGo/5 (com.duckduckgo.mobile.android; Android API 30)', '154.72.150.153', NULL, '2024-04-02 13:45:28'),
('G3UeKBJj', 'DuckDuckGo/5 (com.duckduckgo.mobile.android; Android API 30)', '154.72.150.180', NULL, '2024-04-07 10:25:26'),
('G5dakm2w', 'Mozilla/5.0 (Linux; Android 10; K) AppleWebKit/537.36 (KHTML, like Gecko) Chrome/123.0.0.0 Mobile Sa', '154.72.167.169', 'Accept-Language: fr-FR,fr;q=0.9,en-US;q=0.8,en;q=0.7', '2024-05-26 13:24:16'),
('G7UGBC6t', 'Mozilla/5.0 (Linux; Android 10; K) AppleWebKit/537.36 (KHTML, like Gecko) Chrome/122.0.0.0 Mobile Sa', '193.27.12.130', 'Accept-Language: en-US,en;q=0.9,fr-FR;q=0.8,fr;q=0.7', '2024-03-24 23:03:20'),
('G9AP8qHe', 'Mozilla/5.0 (Linux; Android 10; K) AppleWebKit/537.36 (KHTML, like Gecko) Chrome/122.0.0.0 Mobile Sa', '41.202.207.4', 'Accept-Language: fr-CM,fr;q=0.9,en-US;q=0.8,en;q=0.7,fr-FR;q=0.6', '2024-03-24 22:18:44'),
('G9fbzGdx', 'Mozilla/5.0 (Linux; Android 6.0.1; Nexus 5X Build/MMB29P) AppleWebKit/537.36 (KHTML, like Gecko) Chr', '66.249.64.42', NULL, '2024-04-11 22:33:42'),
('gay5e7H5', 'Mozilla/5.0 (Linux; Android 10; K) AppleWebKit/537.36 (KHTML, like Gecko) Chrome/122.0.6261.119 Mobi', '154.72.167.134', 'Accept-Language: en-US,en;q=0.9,fr-FR;q=0.8,fr;q=0.7', '2024-03-24 22:22:14'),
('Gbn3xI1K', 'Mozilla/5.0 (X11; Linux x86_64) AppleWebKit/537.36 (KHTML, like Gecko) Chrome/122.0.0.0 Safari/537.3', '154.72.150.225', 'Accept-Language: en-US,en;q=0.9,fr;q=0.8', '2024-03-31 12:40:24'),
('GCW9ehC0', 'Mozilla/5.0 (Linux; Android 14; SM-S908U) AppleWebKit/537.36 (KHTML, like Gecko) Chrome/121.0.0.0 Mo', '69.59.197.164', 'Accept-Language: en-US,en;q=0.9', '2024-03-24 22:34:38'),
('gD5VjguS', 'DuckDuckGo/5 (com.duckduckgo.mobile.android; Android API 30)', '154.72.150.161', NULL, '2024-04-09 07:32:07'),
('GdBdWx2C', 'DuckDuckGo/5 (com.duckduckgo.mobile.android; Android API 30)', '154.72.167.134', NULL, '2024-03-24 22:05:53'),
('gEKqYiMf', 'Mozilla/5.0 (Windows NT 10.0; Win64; x64) AppleWebKit/537.36 (KHTML, like Gecko) Chrome/122.0.0.0 Sa', '154.72.150.177', 'Accept-Language: en-US,en;q=0.9,fr;q=0.8', '2024-04-07 15:43:24'),
('gEP3ESdi', 'Mozilla/5.0 (Linux; Android 10; K) AppleWebKit/537.36 (KHTML, like Gecko) Chrome/122.0.0.0 Mobile Sa', '41.202.219.67', 'Accept-Language: en-US,en;q=0.9,fr-FR;q=0.8,fr;q=0.7', '2024-03-27 12:43:21'),
('gFx49xsT', 'DuckDuckGo/5 (com.duckduckgo.mobile.android; Android API 30)', '154.72.150.165', NULL, '2024-04-09 07:11:38'),
('gHcMpd22', 'Mozilla/5.0 (Windows NT 10.0; Win64; x64) AppleWebKit/537.36 (KHTML, like Gecko) Chrome/126.0.0.0 Sa', '154.72.171.45', 'Accept-Language: fr,fr-FR;q=0.9,en;q=0.8,en-GB;q=0.7,en-US;q=0.6', '2024-06-19 11:01:51'),
('gjfgEY7b', 'DuckDuckGo/5 (com.duckduckgo.mobile.android; Android API 30)', '154.72.167.134', NULL, '2024-03-24 22:29:38'),
('GjOHDOpP', 'Mozilla/5.0 (iPhone; CPU iPhone OS 17_1_2 like Mac OS X) AppleWebKit/605.1.15 (KHTML, like Gecko) Ve', '41.202.219.79', 'Accept-Language: fr-FR,fr;q=0.9', '2024-06-08 08:57:23'),
('GmdDegnO', 'DuckDuckGo/5 (com.duckduckgo.mobile.android; Android API 30)', '154.72.150.180', NULL, '2024-04-07 10:31:41'),
('GNXyEvyN', 'Mozilla/5.0 (Macintosh; Intel Mac OS X 10.15; rv:77.0) Gecko/20100101 Firefox/77.0', '45.164.105.134', NULL, '2024-04-20 04:46:27'),
('GoFOe82c', 'Mozilla/5.0 (Windows NT 10.0; Win64; x64) AppleWebKit/537.36 (KHTML, like Gecko) Chrome/125.0.0.0 Sa', '129.0.60.35', 'Accept-Language: fr-FR,fr;q=0.9,en-US;q=0.8,en;q=0.7', '2024-05-25 18:43:50'),
('gOyvdxjb', 'DuckDuckGo/5 (com.duckduckgo.mobile.android; Android API 30)', '154.72.167.134', NULL, '2024-03-24 22:34:38'),
('gRgizbCM', 'Mozilla/5.0 (X11; Linux x86_64) AppleWebKit/537.36 (KHTML, like Gecko) Chrome/122.0.0.0 Safari/537.3', '154.72.150.227', 'Accept-Language: en-US,en;q=0.9,fr;q=0.8', '2024-04-01 23:48:06'),
('GueO2mHa', 'Mozilla/5.0 (Linux; Android 10; K) AppleWebKit/537.36 (KHTML, like Gecko) Chrome/123.0.0.0 Mobile Sa', '41.202.219.70', 'Accept-Language: fr-FR,fr;q=0.9,en-US;q=0.8,en;q=0.7', '2024-05-10 18:20:49'),
('GxCVCfWQ', 'Mozilla/5.0 (compatible; wpbot/1.1; +https://forms.gle/ajBaxygz9jSR8p8G9)', '35.87.85.136', NULL, '2024-06-13 14:48:48'),
('GXU8Ows6', 'DuckDuckGo/5 (com.duckduckgo.mobile.android; Android API 30)', '154.72.167.222', NULL, '2024-04-28 18:49:56'),
('gY1IGV0n', 'com.apple.WebKit.Networking/8616.2.9.10.13 CFNetwork/1485 Darwin/23.1.0', '41.202.219.79', 'Accept-Language: fr-CA,fr;q=0.9', '2024-04-03 17:31:17'),
('gySn9uCu', 'Mozilla/5.0 (Windows NT 10.0; Win64; x64; rv:125.0) Gecko/20100101 Firefox/125.0', '154.72.150.139', 'Accept-Language: fr,fr-FR;q=0.8,en-US;q=0.5,en;q=0.3', '2024-03-28 16:50:29'),
('h3WPEeZ5', 'Mozilla/5.0 (Linux; Android 10; K) AppleWebKit/537.36 (KHTML, like Gecko) Chrome/122.0.6261.119 Mobi', '154.72.150.227', 'Accept-Language: en-US,en;q=0.9,fr-FR;q=0.8,fr;q=0.7', '2024-04-01 23:34:03'),
('h7dM80zx', 'DuckDuckGo/5 (com.duckduckgo.mobile.android; Android API 30)', '154.72.150.227', NULL, '2024-04-01 23:45:42'),
('h7yL8x1s', 'Mozilla/5.0 (Linux; Android 10; K) AppleWebKit/537.36 (KHTML, like Gecko) Chrome/122.0.6261.119 Mobi', '154.72.167.136', 'Accept-Language: en-US,en;q=0.9,fr-FR;q=0.8,fr;q=0.7', '2024-03-24 10:45:21'),
('Hbvjv5JI', 'Mozilla/5.0 (X11; Linux x86_64) AppleWebKit/537.36 (KHTML, like Gecko) Chrome/122.0.0.0 Safari/537.3', '154.72.150.227', 'Accept-Language: en-US,en;q=0.9,fr;q=0.8', '2024-04-01 23:48:39'),
('Hcar4oqh', 'Mozilla/5.0 (Linux; Android 10; K) AppleWebKit/537.36 (KHTML, like Gecko) Chrome/122.0.0.0 Mobile Sa', '129.0.76.50', 'Accept-Language: fr-CA,fr;q=0.9,en-CA;q=0.8,en-US;q=0.7,en;q=0.6', '2024-03-26 21:03:56'),
('HCfIaoOx', 'Mozilla/5.0 (Linux; Android 10; K) AppleWebKit/537.36 (KHTML, like Gecko) Chrome/122.0.6261.119 Mobi', '154.72.167.134', 'Accept-Language: en-US,en;q=0.9,fr-FR;q=0.8,fr;q=0.7', '2024-03-24 22:05:32'),
('HG68bD1E', 'Mozilla/5.0 (Windows NT 10.0; Win64; x64; rv:124.0) Gecko/20100101 Firefox/124.0', '154.72.167.248', 'Accept-Language: en-US,en;q=0.5', '2024-05-09 22:23:56'),
('HG72p1t0', 'Mozilla/5.0 (X11; Linux x86_64) AppleWebKit/537.36 (KHTML, like Gecko) Chrome/122.0.0.0 Safari/537.3', '154.72.167.209', 'Accept-Language: en-US,en;q=0.9,fr-FR;q=0.8,fr;q=0.7', '2024-03-24 17:14:04'),
('hJD8M7tD', 'DuckDuckGo/5 (com.duckduckgo.mobile.android; Android API 30)', '154.72.167.136', NULL, '2024-03-24 10:32:31'),
('HknIb2QY', 'Mozilla/5.0 (Linux; Android 10; K) AppleWebKit/537.36 (KHTML, like Gecko) SamsungBrowser/25.0 Chrome', '63.88.73.133', 'Accept-Language: en-US,en;q=0.9', '2024-07-04 09:51:44'),
('hL0yHGeW', 'Mozilla/5.0 (iPhone; CPU iPhone OS 17_1_2 like Mac OS X) AppleWebKit/605.1.15 (KHTML, like Gecko) Ve', '41.202.219.75', 'Accept-Language: fr-FR,fr;q=0.9', '2024-05-06 11:29:07'),
('HoVVCWnk', 'Mozilla/5.0 (Linux; Android 6.0.1; Nexus 5X Build/MMB29P) AppleWebKit/537.36 (KHTML, like Gecko) Chr', '66.249.66.45', NULL, '2024-04-06 15:45:55'),
('Hq0XqCb0', 'DuckDuckGo/5 (com.duckduckgo.mobile.android; Android API 30)', '154.72.150.146', NULL, '2024-03-27 11:15:02'),
('HQzzUeNA', 'Mozilla/5.0 (X11; Linux x86_64) AppleWebKit/537.36 (KHTML, like Gecko) Chrome/81.0.4044.129 Safari/5', '78.153.140.224', NULL, '2024-07-02 04:09:40'),
('HRuwzCql', 'DuckDuckGo/5 (com.duckduckgo.mobile.android; Android API 30)', '154.72.167.136', NULL, '2024-03-24 10:47:37'),
('HUdjprp1', 'DuckDuckGo/5 (com.duckduckgo.mobile.android; Android API 30)', '154.72.150.155', NULL, '2024-04-02 16:37:04'),
('hUNyxQYK', 'DuckDuckGo/5 (com.duckduckgo.mobile.android; Android API 30)', '154.72.150.146', NULL, '2024-03-27 12:44:11'),
('hx4TUM5H', 'Mozilla/5.0 (X11; Linux x86_64) AppleWebKit/537.36 (KHTML, like Gecko) Chrome/122.0.0.0 Safari/537.3', '154.72.150.225', 'Accept-Language: en-US,en;q=0.9,fr;q=0.8', '2024-03-31 12:40:50'),
('HXBeW7kh', 'Mozilla/5.0 (Windows NT 10.0; Win64; x64) AppleWebKit/537.36 (KHTML, like Gecko) Chrome/125.0.0.0 Sa', '129.0.60.35', 'Accept-Language: fr-FR,fr;q=0.9,en-US;q=0.8,en;q=0.7', '2024-05-25 18:43:25'),
('I1WLPpBH', 'Mozilla/5.0 (Linux; Android 10; K) AppleWebKit/537.36 (KHTML, like Gecko) Chrome/122.0.0.0 Mobile Sa', '41.202.219.67', 'Accept-Language: en-US,en;q=0.9,fr-FR;q=0.8,fr;q=0.7', '2024-03-27 12:33:25'),
('i3wUlKLc', 'Mozilla/5.0 (Linux; Android 10; K) AppleWebKit/537.36 (KHTML, like Gecko) Chrome/123.0.0.0 Mobile Sa', '41.202.219.72', 'Accept-Language: fr-FR,fr;q=0.9,en-US;q=0.8,en;q=0.7', '2024-05-15 20:48:44'),
('i4o9EADs', 'DuckDuckGo/5 (com.duckduckgo.mobile.android; Android API 30)', '154.72.150.180', NULL, '2024-04-07 10:28:39'),
('I6erxqgO', 'DuckDuckGo/5 (com.duckduckgo.mobile.android; Android API 30)', '154.72.150.161', NULL, '2024-04-09 07:29:01'),
('i7UpYyMa', 'DuckDuckGo/5 (com.duckduckgo.mobile.android; Android API 30)', '154.72.167.134', NULL, '2024-03-24 22:22:16'),
('IaM6HQDu', 'DuckDuckGo/5 (com.duckduckgo.mobile.android; Android API 30)', '154.72.150.180', NULL, '2024-04-07 10:23:38'),
('IBN9fiCG', 'Mozilla/5.0 (X11; Linux x86_64) AppleWebKit/537.36 (KHTML, like Gecko) Chrome/122.0.0.0 Safari/537.3', '154.72.150.153', 'Accept-Language: en-US,en;q=0.9,fr;q=0.8', '2024-04-02 08:30:16'),
('ieznosWo', 'Mozilla/5.0 (Windows NT 10.0; Win64; x64) AppleWebKit/537.36 (KHTML, like Gecko) Chrome/124.0.0.0 Sa', '63.124.68.8', 'Accept-Language: en-US,en;q=0.9,es;q=0.8', '2024-05-25 18:39:18'),
('IHaxTSLp', 'DuckDuckGo/5 (com.duckduckgo.mobile.android; Android API 30)', '154.72.167.193', NULL, '2024-03-24 23:20:25'),
('Ij2Yo0ze', 'Mozilla/5.0 (Linux; Android 12; itel S665L) AppleWebKit/537.36 (KHTML, like Gecko) Chrome/105.0.0.0 ', '41.202.219.74', 'Accept-Language: fr-FR,fr;q=0.9,en-US;q=0.8,en;q=0.7', '2024-04-01 22:59:39'),
('ILpTBwaP', 'Mozilla/5.0 (Windows NT 10.0; Win64; x64) AppleWebKit/537.36 (KHTML, like Gecko) Chrome/126.0.0.0 Sa', '89.38.99.119', 'Accept-Language: fr,fr-FR;q=0.9,en;q=0.8,en-GB;q=0.7,en-US;q=0.6', '2024-06-18 10:48:16'),
('INynMDLx', 'Mozilla/5.0 (Linux; Android 10; K) AppleWebKit/537.36 (KHTML, like Gecko) Chrome/123.0.6312.42 Mobil', '154.72.150.180', 'Accept-Language: en-US,en;q=0.9,fr-FR;q=0.8,fr;q=0.7', '2024-04-07 10:28:01'),
('IOkUXznz', 'DuckDuckGo/5 (com.duckduckgo.mobile.android; Android API 30)', '154.72.150.161', NULL, '2024-04-09 07:31:40'),
('ISh2HuaF', 'DuckDuckGo/5 (com.duckduckgo.mobile.android; Android API 30)', '154.72.150.165', NULL, '2024-04-09 07:10:16'),
('iYxXlbh6', 'DuckDuckGo/5 (com.duckduckgo.mobile.android; Android API 30)', '154.72.150.180', NULL, '2024-04-07 10:25:41'),
('iZ6tOkl2', 'Mozilla/5.0 (Linux; Android 10; K) AppleWebKit/537.36 (KHTML, like Gecko) Chrome/122.0.0.0 Mobile Sa', '41.202.207.4', 'Accept-Language: fr-CM,fr;q=0.9,en-US;q=0.8,en;q=0.7,fr-FR;q=0.6', '2024-03-24 22:17:53'),
('IzHbPwIL', 'Mozilla/5.0 (Linux; Android 6.0.1; Nexus 5X Build/MMB29P) AppleWebKit/537.36 (KHTML, like Gecko) Chr', '66.249.73.231', NULL, '2024-06-28 08:19:17'),
('j5Y9PLES', 'Mozilla/5.0 (Linux; Android 10; K) AppleWebKit/537.36 (KHTML, like Gecko) Chrome/122.0.0.0 Mobile Sa', '87.101.93.214', 'Accept-Language: en-US,en;q=0.9,fr-FR;q=0.8,fr;q=0.7', '2024-03-24 23:01:01'),
('j7fFVUHt', 'DuckDuckGo/5 (com.duckduckgo.mobile.android; Android API 30)', '154.72.150.146', NULL, '2024-03-27 12:43:04'),
('j9tw9zHv', 'DuckDuckGo/5 (com.duckduckgo.mobile.android; Android API 30)', '154.72.150.161', NULL, '2024-04-09 07:29:26'),
('jADAAbnW', 'Mozilla/5.0 (Windows NT 6.1; Win64; x64) AppleWebKit/537.36 (KHTML, like Gecko) Chrome/80.0.3987.106', '181.214.150.214', NULL, '2024-04-29 16:22:32'),
('jAkgGPGy', 'WhatsApp/2.23.20.0', '154.72.167.209', 'Accept-Language: en', '2024-03-24 17:24:06'),
('JDwqTvB0', 'Mozilla/5.0 (X11; Linux x86_64) AppleWebKit/537.36 (KHTML, like Gecko) Chrome/122.0.0.0 Safari/537.3', '154.72.150.225', 'Accept-Language: en-US,en;q=0.9,fr;q=0.8', '2024-03-31 12:40:17'),
('jDx4uQd7', 'Mozilla/5.0 (Linux; Android 10; K) AppleWebKit/537.36 (KHTML, like Gecko) Chrome/122.0.0.0 Mobile Sa', '41.202.207.4', 'Accept-Language: fr-CM,fr;q=0.9,en-US;q=0.8,en;q=0.7,fr-FR;q=0.6', '2024-03-24 22:19:31'),
('JELcY3zc', 'DuckDuckGo/5 (com.duckduckgo.mobile.android; Android API 30)', '154.72.150.155', NULL, '2024-04-02 16:21:12'),
('jES5ZDrl', 'Mozilla/5.0 (Linux; Android 10; K) AppleWebKit/537.36 (KHTML, like Gecko) Chrome/123.0.6312.42 Mobil', '154.72.150.180', 'Accept-Language: en-US,en;q=0.9,fr-FR;q=0.8,fr;q=0.7', '2024-04-07 10:25:39'),
('jfNoc89z', 'DuckDuckGo/5 (com.duckduckgo.mobile.android; Android API 30)', '154.72.167.136', NULL, '2024-03-24 10:33:26'),
('jFzzjaCH', 'facebookexternalhit/1.1 (+http://www.facebook.com/externalhit_uatext.php)', '2a03:2880:31ff:a::face:b0', NULL, '2024-03-29 12:32:38'),
('JG2J1K7w', 'Mozilla/5.0 (Linux; Android 7.0; SM-G930V Build/NRD90M) AppleWebKit/537.36 (KHTML, like Gecko) Chrom', '66.102.8.168', 'Accept-Language: en-US', '2024-04-06 20:19:52'),
('jgO0p9il', 'DuckDuckGo/5 (com.duckduckgo.mobile.android; Android API 30)', '154.72.150.161', NULL, '2024-04-09 07:27:24'),
('jhoWPZkC', 'MobileSafari/8616.2.9.10.13 CFNetwork/1485 Darwin/23.1.0', '102.244.222.137', 'Accept-Language: fr-FR,fr;q=0.9', '2024-04-06 19:35:44'),
('JLNSOZQc', 'Mozilla/5.0 (Linux; Android 6.0.1; Nexus 5X Build/MMB29P) AppleWebKit/537.36 (KHTML, like Gecko) Chr', '66.249.64.42', NULL, '2024-06-19 10:52:39'),
('jOyTsBOD', 'Mozilla/5.0 (Windows NT 10.0; Win64; x64) AppleWebKit/537.36 (KHTML, like Gecko) Chrome/122.0.0.0 Sa', '154.72.150.177', 'Accept-Language: en-US,en;q=0.9,fr;q=0.8', '2024-04-07 15:43:02'),
('jQAeaFbA', 'DuckDuckGo/5 (com.duckduckgo.mobile.android; Android API 30)', '154.72.167.222', NULL, '2024-04-28 18:51:08'),
('JReQIajG', 'Mozilla/5.0 (Linux; Android 7.0; SM-G930V Build/NRD90M) AppleWebKit/537.36 (KHTML, like Gecko) Chrom', '74.125.212.40', 'Accept-Language: en-US', '2024-04-16 20:30:02'),
('jSJodVFz', 'Mozilla/5.0 (Windows NT 10.0; Win64; x64) AppleWebKit/537.36 (KHTML, like Gecko) Chrome/126.0.0.0 Sa', '154.72.168.160', 'Accept-Language: en-US,en;q=0.9,fr;q=0.8', '2024-06-26 12:21:23'),
('jSTUZLTF', 'Mozilla/5.0 (Linux; Android 7.0; SM-G930V Build/NRD90M) AppleWebKit/537.36 (KHTML, like Gecko) Chrom', '66.102.8.165', NULL, '2024-04-07 13:27:55'),
('jTzSG7rc', 'Mozilla/5.0 (Linux; Android 10; K) AppleWebKit/537.36 (KHTML, like Gecko) Chrome/122.0.6261.119 Mobi', '154.72.150.227', 'Accept-Language: en-US,en;q=0.9,fr-FR;q=0.8,fr;q=0.7', '2024-04-01 23:50:46');
INSERT INTO `visitors` (`id`, `ua`, `ip`, `accept_lang`, `created_at`) VALUES
('jU3uUfm9', 'DuckDuckGo/5 (com.duckduckgo.mobile.android; Android API 30)', '154.72.150.227', NULL, '2024-04-01 23:50:35'),
('jUF4rtNE', 'Mozilla/5.0 (Linux; Android 9; SAMSUNG SM-A105F) AppleWebKit/537.36 (KHTML, like Gecko) SamsungBrows', '146.70.93.138', 'Accept-Language: fr-BE,fr-FR;q=0.9,fr;q=0.8,en-US;q=0.7,en;q=0.6', '2024-04-09 12:41:36'),
('jzUTun0y', 'DuckDuckGo/5 (com.duckduckgo.mobile.android; Android API 30)', '154.72.167.136', NULL, '2024-03-24 10:47:12'),
('k4VitmJV', 'Mozilla/5.0 (X11; Linux x86_64) AppleWebKit/537.36 (KHTML, like Gecko) Chrome/81.0.4044.129 Safari/5', '78.153.140.222', NULL, '2024-07-06 06:18:13'),
('k5HJG5yQ', 'Mozilla/5.0 (X11; Linux x86_64) AppleWebKit/537.36 (KHTML, like Gecko) Chrome/81.0.4044.129 Safari/5', '78.153.140.222', NULL, '2024-07-06 06:18:16'),
('K8x3sfrC', 'DuckDuckGo/5 (com.duckduckgo.mobile.android; Android API 30)', '154.72.150.177', NULL, '2024-03-31 15:16:02'),
('KAoXyVpN', 'Mozilla/5.0 (Linux; Android 6.0.1; Nexus 5X Build/MMB29P) AppleWebKit/537.36 (KHTML, like Gecko) Chr', '66.249.66.43', NULL, '2024-04-17 16:44:47'),
('kbrm6CxZ', 'Mozilla/5.0 (Linux; Android 7.0; SM-G930V Build/NRD90M) AppleWebKit/537.36 (KHTML, like Gecko) Chrom', '74.125.212.35', 'Accept-Language: en-US', '2024-04-06 19:35:42'),
('kCBhrRxy', 'DuckDuckGo/5 (com.duckduckgo.mobile.android; Android API 30)', '154.72.150.218', NULL, '2024-03-25 08:44:59'),
('KDVKkKMc', 'DuckDuckGo/5 (com.duckduckgo.mobile.android; Android API 30)', '154.72.150.161', NULL, '2024-04-09 07:21:37'),
('KJaFNiTI', 'DuckDuckGo/5 (com.duckduckgo.mobile.android; Android API 30)', '154.72.150.177', NULL, '2024-03-31 14:51:16'),
('KLTcSBpQ', 'DuckDuckGo/5 (com.duckduckgo.mobile.android; Android API 30)', '154.72.150.155', NULL, '2024-04-02 16:22:01'),
('KpjQzXzX', 'Mozilla/5.0 (Linux; Android 10; K) AppleWebKit/537.36 (KHTML, like Gecko) Chrome/122.0.6261.119 Mobi', '154.72.150.227', 'Accept-Language: en-US,en;q=0.9,fr-FR;q=0.8,fr;q=0.7', '2024-04-01 23:33:49'),
('KPZIPaSA', 'Mozilla/5.0 (Windows NT 10.0; Win64; x64; rv:127.0) Gecko/20100101 Firefox/127.0', '154.72.171.63', 'Accept-Language: en-US,en;q=0.5', '2024-06-18 09:19:09'),
('kqQWgCmG', 'DuckDuckGo/5 (com.duckduckgo.mobile.android; Android API 30)', '154.72.150.155', NULL, '2024-04-02 16:23:11'),
('kQsIEbTy', 'MobileSafari/8616.2.9.10.13 CFNetwork/1485 Darwin/23.1.0', '102.244.222.137', 'Accept-Language: fr-FR,fr;q=0.9', '2024-04-06 19:35:44'),
('kS5jsTFf', 'Mozilla/5.0 (Linux; Android 10; K) AppleWebKit/537.36 (KHTML, like Gecko) Chrome/122.0.6261.119 Mobi', '154.72.167.134', 'Accept-Language: en-US,en;q=0.9,fr-FR;q=0.8,fr;q=0.7', '2024-03-24 22:29:48'),
('kt4owpgH', 'Mozilla/5.0 (Linux; Android 7.0; SM-G930V Build/NRD90M) AppleWebKit/537.36 (KHTML, like Gecko) Chrom', '74.125.212.32', 'Accept-Language: en-US', '2024-04-06 19:35:42'),
('ktM4SMWQ', 'Mozilla/5.0 (Linux; Android 10; K) AppleWebKit/537.36 (KHTML, like Gecko) Chrome/122.0.0.0 Mobile Sa', '89.38.227.74', 'Accept-Language: en-US,en;q=0.9,fr-FR;q=0.8,fr;q=0.7', '2024-03-24 22:34:32'),
('KtsIZ4lD', 'Mozilla/5.0 (Linux; Android 7.0; SM-G930V Build/NRD90M) AppleWebKit/537.36 (KHTML, like Gecko) Chrom', '66.102.8.167', 'Accept-Language: en-US', '2024-04-07 13:27:56'),
('kTyUpJvH', 'Mozilla/5.0 (Windows NT 10.0; Win64; x64; rv:125.0) Gecko/20100101 Firefox/125.0', '154.72.167.134', 'Accept-Language: fr,fr-FR;q=0.8,en-US;q=0.5,en;q=0.3', '2024-03-24 21:51:34'),
('kwENFPmo', 'Mozilla/5.0 (Linux; Android 10; K) AppleWebKit/537.36 (KHTML, like Gecko) Chrome/122.0.0.0 Mobile Sa', '102.244.221.219', 'Accept-Language: en-US,en;q=0.9,fr-FR;q=0.8,fr;q=0.7', '2024-03-24 22:19:53'),
('KwiCP82M', 'Mozilla/5.0 (Linux; Android 10; K) AppleWebKit/537.36 (KHTML, like Gecko) Chrome/122.0.0.0 Mobile Sa', '41.202.219.67', 'Accept-Language: en-US,en;q=0.9,fr-FR;q=0.8,fr;q=0.7', '2024-03-27 12:43:32'),
('kwzUDmyN', 'DuckDuckGo/5 (com.duckduckgo.mobile.android; Android API 30)', '154.72.150.161', NULL, '2024-04-09 07:27:48'),
('KXSq3fgM', 'Mozilla/5.0 (X11; Linux x86_64) AppleWebKit/537.36 (KHTML, like Gecko) Chrome/122.0.0.0 Safari/537.3', '154.72.150.225', 'Accept-Language: en-US,en;q=0.9,fr;q=0.8', '2024-03-31 12:40:44'),
('l1e5yutq', 'Mozilla/5.0 (iPhone; CPU iPhone OS 17_1_2 like Mac OS X) AppleWebKit/605.1.15 (KHTML, like Gecko) Ve', '41.202.219.79', 'Accept-Language: fr-CA,fr;q=0.9', '2024-04-03 17:25:41'),
('l1XVxfWN', 'Mozilla/5.0 (Linux; Android 10; K) AppleWebKit/537.36 (KHTML, like Gecko) Chrome/123.0.0.0 Mobile Sa', '102.244.88.1', 'Accept-Language: fr-CM,fr-FR;q=0.9,fr;q=0.8,en-CM;q=0.7,en;q=0.6,en-US;q=0.5,af;q=0.4', '2024-04-06 19:34:46'),
('L6D6DsQZ', 'Mozilla/5.0 (Linux; Android 10; K) AppleWebKit/537.36 (KHTML, like Gecko) Chrome/122.0.6261.119 Mobi', '154.72.167.134', 'Accept-Language: en-US,en;q=0.9,fr-FR;q=0.8,fr;q=0.7', '2024-03-24 22:28:35'),
('l9lZHbpK', 'Mozilla/5.0 (Linux; Android 10; K) AppleWebKit/537.36 (KHTML, like Gecko) Chrome/122.0.6261.119 Mobi', '154.72.150.227', 'Accept-Language: en-US,en;q=0.9,fr-FR;q=0.8,fr;q=0.7', '2024-04-01 23:50:33'),
('Lb1QH5xW', 'DuckDuckGo/5 (com.duckduckgo.mobile.android; Android API 30)', '154.72.150.201', NULL, '2024-04-04 23:18:22'),
('ld8zZUgf', 'DuckDuckGo/5 (com.duckduckgo.mobile.android; Android API 30)', '154.72.150.227', NULL, '2024-04-01 23:15:12'),
('LDqkclaf', 'Mozilla/5.0 (Linux; Android 14; SM-S908U) AppleWebKit/537.36 (KHTML, like Gecko) Chrome/121.0.0.0 Mo', '63.117.14.10', 'Accept-Language: en-US,en;q=0.9', '2024-03-24 22:57:05'),
('LdZK73hE', 'DuckDuckGo/5 (com.duckduckgo.mobile.android; Android API 30)', '154.72.167.136', NULL, '2024-03-24 10:29:34'),
('LfvvdOZi', 'Mozilla/5.0 (Linux; Android 10; K) AppleWebKit/537.36 (KHTML, like Gecko) Chrome/122.0.6261.119 Mobi', '154.72.167.134', 'Accept-Language: en-US,en;q=0.9,fr-FR;q=0.8,fr;q=0.7', '2024-03-24 22:28:38'),
('LhhNbBQz', 'Mozilla/5.0 (Windows NT 10.0; Win64; x64) AppleWebKit/537.36 (KHTML, like Gecko) Chrome/126.0.0.0 Sa', '154.72.171.45', 'Accept-Language: fr-FR,fr;q=0.9,en-US;q=0.8,en;q=0.7', '2024-06-19 10:36:32'),
('lIRftiQi', 'Mozilla/5.0 (Linux; Android 7.0; SM-G930V Build/NRD90M) AppleWebKit/537.36 (KHTML, like Gecko) Chrom', '74.125.212.40', NULL, '2024-04-06 19:32:34'),
('lJIVJXl0', 'DuckDuckGo/5 (com.duckduckgo.mobile.android; Android API 30)', '154.72.167.136', NULL, '2024-03-24 10:47:06'),
('LJRQSPeI', 'Mozilla/5.0 (Linux; Android 10; K) AppleWebKit/537.36 (KHTML, like Gecko) Chrome/122.0.0.0 Mobile Sa', '89.38.227.70', 'Accept-Language: en-US,en;q=0.9,fr-FR;q=0.8,fr;q=0.7', '2024-03-24 22:23:16'),
('lku0RfX1', 'facebookexternalhit/1.1 (+http://www.facebook.com/externalhit_uatext.php)', '2a03:2880:31ff:9::face:b0', NULL, '2024-03-29 12:33:15'),
('LkYf2z7l', 'Mozilla/5.0 (Windows NT 10.0; Win64; x64; rv:125.0) Gecko/20100101 Firefox/125.0', '154.72.167.193', 'Accept-Language: fr,fr-FR;q=0.8,en-US;q=0.5,en;q=0.3', '2024-03-24 23:54:28'),
('LMEofbV7', 'DuckDuckGo/5 (com.duckduckgo.mobile.android; Android API 30)', '154.72.167.134', NULL, '2024-03-24 22:05:58'),
('lMSiDnpe', 'Mozilla/5.0 (Linux; Android 10; K) AppleWebKit/537.36 (KHTML, like Gecko) Chrome/121.0.0.0 Mobile Sa', '172.59.128.134', 'Accept-Language: en-US,en;q=0.9', '2024-03-31 15:26:08'),
('LNcvD3zo', 'Mozilla/5.0 (X11; Linux x86_64) AppleWebKit/537.36 (KHTML, like Gecko) Chrome/122.0.0.0 Safari/537.3', '154.72.150.177', 'Accept-Language: en-US,en;q=0.9,fr;q=0.8', '2024-04-07 18:20:12'),
('lO6obIxg', 'DuckDuckGo/5 (com.duckduckgo.mobile.android; Android API 30)', '154.72.150.155', NULL, '2024-04-02 16:35:41'),
('LoiN0ICz', 'Mozilla/5.0 (Linux; Android 6.0.1; Nexus 5X Build/MMB29P) AppleWebKit/537.36 (KHTML, like Gecko) Chr', '66.249.66.43', NULL, '2024-04-07 11:43:24'),
('lrTw0Ccw', 'Mozilla/5.0 (Linux; Android 10; K) AppleWebKit/537.36 (KHTML, like Gecko) Chrome/122.0.0.0 Mobile Sa', '89.38.227.114', 'Accept-Language: en-US,en;q=0.9,fr-FR;q=0.8,fr;q=0.7', '2024-03-24 23:10:16'),
('LTtsP6D1', 'MobileSafari/8616.2.9.10.13 CFNetwork/1485 Darwin/23.1.0', '102.244.222.137', 'Accept-Language: fr-FR,fr;q=0.9', '2024-04-06 19:35:42'),
('lUxP3WYz', 'DuckDuckGo/5 (com.duckduckgo.mobile.android; Android API 30)', '154.72.150.158', NULL, '2024-03-27 10:11:52'),
('lwqzEesU', 'Mozilla/5.0 (Linux; Android 6.0.1; Nexus 5X Build/MMB29P) AppleWebKit/537.36 (KHTML, like Gecko) Chr', '66.249.66.41', NULL, '2024-05-20 19:39:04'),
('Lx6vm3Wj', 'DuckDuckGo/5 (com.duckduckgo.mobile.android; Android API 30)', '154.72.150.136', NULL, '2024-03-26 11:33:13'),
('lZi7kaCQ', 'Mozilla/5.0 (Linux; Android 13; SM-A515F) AppleWebKit/537.36 (KHTML, like Gecko) Chrome/121.0.0.0 Mo', '82.76.231.70', 'Accept-Language: ro-RO,ro;q=0.9,en-US;q=0.8,en;q=0.7', '2024-03-24 15:33:49'),
('m2UKaqiJ', 'DuckDuckGo/5 (com.duckduckgo.mobile.android; Android API 30)', '154.72.150.180', NULL, '2024-04-07 09:54:15'),
('M88xwpB5', 'Mozilla/5.0 (Linux; Android 14; Pixel 8 Pro) AppleWebKit/537.36 (KHTML, like Gecko) Chrome/124.0.0.0', '172.59.8.86', 'Accept-Language: en-US,en;q=0.9', '2024-05-25 18:44:51'),
('mbo4MynO', 'DuckDuckGo/5 (com.duckduckgo.mobile.android; Android API 30)', '154.72.150.161', NULL, '2024-04-09 07:30:56'),
('mFR0B530', 'Mozilla/5.0 (Linux; Android 10; K) AppleWebKit/537.36 (KHTML, like Gecko) Chrome/124.0.0.0 Mobile Sa', '154.72.167.210', 'Accept-Language: en-US,en;q=0.9,fr;q=0.8', '2024-05-03 04:49:09'),
('mHgEX8dA', 'DuckDuckGo/5 (com.duckduckgo.mobile.android; Android API 30)', '154.72.150.140', NULL, '2024-04-08 14:03:25'),
('MJ2bgDpS', 'Mozilla/5.0 (X11; Linux x86_64) AppleWebKit/537.36 (KHTML, like Gecko) Chrome/122.0.0.0 Safari/537.3', '154.72.167.134', 'Accept-Language: en-US,en;q=0.9,fr;q=0.8', '2024-03-24 22:50:03'),
('MKaYUmFW', 'DuckDuckGo/5 (com.duckduckgo.mobile.android; Android API 30)', '154.72.150.180', NULL, '2024-04-06 20:00:40'),
('mMn9HSS7', 'DuckDuckGo/5 (com.duckduckgo.mobile.android; Android API 30)', '154.72.167.134', NULL, '2024-03-24 22:31:11'),
('Mmq5Up4G', 'Mozilla/5.0 (Linux; Android 10; K) AppleWebKit/537.36 (KHTML, like Gecko) Chrome/122.0.0.0 Mobile Sa', '41.202.207.4', 'Accept-Language: fr-CM,fr;q=0.9,en-US;q=0.8,en;q=0.7,fr-FR;q=0.6', '2024-03-24 22:06:54'),
('MmSWuXjm', 'Mozilla/5.0 (Linux; Android 10; K) AppleWebKit/537.36 (KHTML, like Gecko) Chrome/122.0.0.0 Mobile Sa', '89.38.227.66', 'Accept-Language: en-US,en;q=0.9,fr-FR;q=0.8,fr;q=0.7', '2024-03-24 23:14:28'),
('mnMDfAMn', 'Mozilla/5.0 (Linux; Android 10; K) AppleWebKit/537.36 (KHTML, like Gecko) Chrome/122.0.0.0 Mobile Sa', '193.27.12.130', 'Accept-Language: en-US,en;q=0.9,fr-FR;q=0.8,fr;q=0.7', '2024-03-24 23:03:34'),
('Mo4y2Yzk', 'DuckDuckGo/5 (com.duckduckgo.mobile.android; Android API 30)', '154.72.150.155', NULL, '2024-04-02 16:20:24'),
('MR9VBBuE', 'Mozilla/5.0 (Linux; Android 6.0.1; Nexus 5X Build/MMB29P) AppleWebKit/537.36 (KHTML, like Gecko) Chr', '66.249.66.32', NULL, '2024-04-06 15:45:26'),
('MRqJ67KE', 'Mozilla/5.0 (Windows NT 10.0; Win64; x64; rv:126.0) Gecko/20100101 Firefox/126.0', '89.38.99.119', 'Accept-Language: fr,fr-FR;q=0.8,en-US;q=0.5,en;q=0.3', '2024-06-18 10:34:22'),
('MxY7xDJG', 'DuckDuckGo/5 (com.duckduckgo.mobile.android; Android API 30)', '154.72.150.195', NULL, '2024-03-28 13:13:00'),
('n1Cdi2Pr', 'DuckDuckGo/5 (com.duckduckgo.mobile.android; Android API 30)', '154.72.150.218', NULL, '2024-03-25 10:23:48'),
('n48Xp68S', 'Mozilla/5.0 (Linux; Android 7.0; SM-G930V Build/NRD90M) AppleWebKit/537.36 (KHTML, like Gecko) Chrom', '66.249.85.36', NULL, '2024-04-16 20:30:01'),
('N6bj7zIj', 'DuckDuckGo/5 (com.duckduckgo.mobile.android; Android API 30)', '154.72.150.206', NULL, '2024-04-05 16:48:58'),
('N71iiDH0', 'DuckDuckGo/5 (com.duckduckgo.mobile.android; Android API 30)', '154.72.150.136', NULL, '2024-03-26 11:24:03'),
('neqXJNoK', 'facebookexternalhit/1.1 (+http://www.facebook.com/externalhit_uatext.php)', '2a03:2880:31ff:d::face:b0', NULL, '2024-03-29 12:33:00'),
('nERsqub5', 'Mozilla/5.0 (Linux; Android 11; 21061119DG) AppleWebKit/537.36 (KHTML, like Gecko) Chrome/92.0.4515.', '129.0.99.149', 'Accept-Language: en-US,en;q=0.9,fr-FR;q=0.8,fr;q=0.7', '2024-03-24 19:07:57'),
('NG53xWRd', 'DuckDuckGo/5 (com.duckduckgo.mobile.android; Android API 30)', '154.72.150.227', NULL, '2024-04-01 23:16:46'),
('ngVUTZzM', 'DuckDuckGo/5 (com.duckduckgo.mobile.android; Android API 30)', '154.72.150.177', NULL, '2024-03-31 15:16:10'),
('nInRurcc', 'Mozilla/5.0 (iPhone; CPU iPhone OS 17_1_2 like Mac OS X) AppleWebKit/605.1.15 (KHTML, like Gecko) Ve', '41.202.207.11', 'Accept-Language: fr-FR,fr;q=0.9', '2024-06-11 10:05:59'),
('NlnGg54q', 'Mozilla/5.0 (Linux; Android 8.0.0; Pixel 2 XL Build/OPD1.170816.004) AppleWebKit/537.36 (KHTML, like', '86.127.118.134', 'Accept-Language: ro-RO,ro;q=0.9,en-US;q=0.8,en;q=0.7', '2024-04-08 20:14:14'),
('nLyWi3CN', 'Mozilla/5.0 (Linux; Android 13; SAMSUNG SM-G781U) AppleWebKit/537.36 (KHTML, like Gecko) SamsungBrow', '66.249.80.196', 'Accept-Language: en-US,en;q=0.9', '2024-04-14 10:51:31'),
('nO4q2EB8', 'facebookexternalhit/1.1 (+http://www.facebook.com/externalhit_uatext.php)', '2a03:2880:31ff:9::face:b0', NULL, '2024-05-03 06:15:38'),
('NOJQWrvi', 'Mozilla/5.0 (Windows NT 10.0; Win64; x64) AppleWebKit/537.36 (KHTML, like Gecko) Chrome/81.0.4044.13', '49.36.115.150', NULL, '2024-05-02 08:14:13'),
('NokFr14G', 'Mozilla/5.0 (Linux; Android 10; K) AppleWebKit/537.36 (KHTML, like Gecko) Chrome/125.0.0.0 Mobile Sa', '41.202.219.68', 'Accept-Language: fr-FR,fr;q=0.9,en-US;q=0.8,en;q=0.7', '2024-07-10 23:06:38'),
('noNXZNfl', 'Mozilla/5.0 (Linux; Android 10; K) AppleWebKit/537.36 (KHTML, like Gecko) Chrome/122.0.0.0 Mobile Sa', '193.27.12.130', 'Accept-Language: en-US,en;q=0.9,fr-FR;q=0.8,fr;q=0.7', '2024-03-24 23:03:24'),
('NPc2tKAE', 'Mozilla/5.0 (Linux; Android 10; K) AppleWebKit/537.36 (KHTML, like Gecko) Chrome/126.0.0.0 Mobile Sa', '154.72.170.225', 'Accept-Language: en-US,en;q=0.9,fr-FR;q=0.8,fr;q=0.7', '2024-07-05 17:00:42'),
('nQAyeFQh', 'Mozilla/5.0 (Linux; Android 10; K) AppleWebKit/537.36 (KHTML, like Gecko) Chrome/122.0.6261.119 Mobi', '154.72.150.227', 'Accept-Language: en-US,en;q=0.9,fr-FR;q=0.8,fr;q=0.7', '2024-04-01 23:50:35'),
('NTJHYlgV', 'DuckDuckGo/5 (com.duckduckgo.mobile.android; Android API 30)', '154.72.150.146', NULL, '2024-03-27 12:42:35'),
('nUsyuhJF', 'DuckDuckGo/5 (com.duckduckgo.mobile.android; Android API 30)', '154.72.150.146', NULL, '2024-03-27 12:45:45'),
('nVN2ZhSm', 'Mozilla/5.0 (Linux; Android 10; K) AppleWebKit/537.36 (KHTML, like Gecko) Chrome/122.0.6261.119 Mobi', '154.72.167.134', 'Accept-Language: en-US,en;q=0.9,fr-FR;q=0.8,fr;q=0.7', '2024-03-24 22:29:37'),
('nX0xH73p', 'DuckDuckGo/5 (com.duckduckgo.mobile.android; Android API 30)', '154.72.150.205', NULL, '2024-03-29 09:52:26'),
('NZyd1yIw', 'Mozilla/5.0 (Windows NT 10.0; Win64; x64; rv:125.0) Gecko/20100101 Firefox/125.0', '154.72.167.236', 'Accept-Language: fr,fr-FR;q=0.8,en-US;q=0.5,en;q=0.3', '2024-05-03 17:21:55'),
('O2OEUkd1', 'Mozilla/5.0 (Linux; Android 10; K) AppleWebKit/537.36 (KHTML, like Gecko) Chrome/122.0.0.0 Mobile Sa', '87.101.93.214', 'Accept-Language: en-US,en;q=0.9,fr-FR;q=0.8,fr;q=0.7', '2024-03-24 23:00:40'),
('o7HvCe6p', 'DuckDuckGo/5 (com.duckduckgo.mobile.android; Android API 30)', '154.72.150.155', NULL, '2024-04-02 16:35:35'),
('O8GL4xLX', 'Mozilla/5.0 (Windows NT 10.0; Win64; x64) AppleWebKit/537.36 (KHTML, like Gecko) Chrome/79.0.3945.13', '110.226.179.154', NULL, '2024-05-02 08:14:27'),
('OAEVyk6B', 'Mozilla/5.0 (Windows NT 10.0; Win64; x64) AppleWebKit/537.36 (KHTML, like Gecko) Chrome/79.0.3945.13', '115.240.6.76', NULL, '2024-05-02 08:14:19'),
('oeQb4CHM', 'Mozilla/5.0 (Windows NT 10.0; Win64; x64) AppleWebKit/537.36 (KHTML, like Gecko) Chrome/126.0.0.0 Sa', '154.72.171.45', 'Accept-Language: fr-FR,fr;q=0.9,en-US;q=0.8,en;q=0.7', '2024-06-19 11:17:43'),
('oeQuaVDx', 'Mozilla/5.0 (iPhone; CPU iPhone OS 17_1_2 like Mac OS X) AppleWebKit/605.1.15 (KHTML, like Gecko) Ve', '41.202.219.79', 'Accept-Language: fr-CA,fr;q=0.9', '2024-04-03 17:26:16'),
('oGgUNyV1', 'DuckDuckGo/5 (com.duckduckgo.mobile.android; Android API 30)', '154.72.167.193', NULL, '2024-03-24 23:27:42'),
('OGZCZu0P', 'DuckDuckGo/5 (com.duckduckgo.mobile.android; Android API 30)', '154.72.150.161', NULL, '2024-04-09 07:12:22'),
('Oj5NKWb0', 'facebookexternalhit/1.1 (+http://www.facebook.com/externalhit_uatext.php)', '2a03:2880:22ff:74::face:b', NULL, '2024-06-01 01:17:36'),
('OKo7qM0Z', 'DuckDuckGo/5 (com.duckduckgo.mobile.android; Android API 30)', '154.72.150.161', NULL, '2024-04-09 07:31:09'),
('OmsIIag7', 'DuckDuckGo/5 (com.duckduckgo.mobile.android; Android API 30)', '154.72.150.161', NULL, '2024-04-09 07:29:09'),
('opE47uL3', 'Mozilla/5.0 (Linux; Android 12; itel S665L) AppleWebKit/537.36 (KHTML, like Gecko) Chrome/105.0.0.0 ', '41.202.219.74', 'Accept-Language: fr-FR,fr;q=0.9,en-US;q=0.8,en;q=0.7', '2024-04-01 23:00:59'),
('OPJ6AV7S', 'Mozilla/5.0 (Windows NT 10.0; Win64; x64; rv:125.0) Gecko/20100101 Firefox/125.0', '154.72.167.193', 'Accept-Language: fr,fr-FR;q=0.8,en-US;q=0.5,en;q=0.3', '2024-03-24 23:54:50'),
('OpQ3Jasx', 'Mozilla/5.0 (Linux; Android 11; 21061119DG) AppleWebKit/537.36 (KHTML, like Gecko) Chrome/92.0.4515.', '129.0.76.76', 'Accept-Language: en-US,en;q=0.9,fr-FR;q=0.8,fr;q=0.7', '2024-03-26 13:09:57'),
('OPTtKtPK', 'Mozilla/5.0 (compatible; Googlebot/2.1; +http://www.google.com/bot.html)', '66.249.64.36', NULL, '2024-05-30 09:59:51'),
('OQw8814N', 'Mozilla/5.0 (Linux; Android 7.0; SM-G930V Build/NRD90M) AppleWebKit/537.36 (KHTML, like Gecko) Chrom', '66.102.8.173', 'Accept-Language: en-US', '2024-04-06 20:19:51'),
('orUQYKXT', 'MobileSafari/8616.2.9.10.13 CFNetwork/1485 Darwin/23.1.0', '102.244.222.42', 'Accept-Language: fr-FR,fr;q=0.9', '2024-04-07 09:19:10'),
('OwjjElI6', 'DuckDuckGo/5 (com.duckduckgo.mobile.android; Android API 30)', '154.72.150.177', NULL, '2024-03-31 14:58:59'),
('oWZSJMWF', 'Mozilla/5.0 (Linux; Android 10; K) AppleWebKit/537.36 (KHTML, like Gecko) Chrome/125.0.0.0 Mobile Sa', '154.72.167.186', 'Accept-Language: en-US,en;q=0.9,fr;q=0.8', '2024-06-11 10:06:53'),
('oxNJhdmF', 'Mozilla/5.0 (Linux; Android 7.0; HUAWEI MLA-L11) AppleWebKit/537.36 (KHTML, like Gecko) Chrome/119.0', '89.38.227.130', 'Accept-Language: en,en-CA;q=0.9,en-US;q=0.8', '2024-03-24 17:35:17'),
('oYED0MTv', 'Mozilla/5.0 (Linux; Android 10; K) AppleWebKit/537.36 (KHTML, like Gecko) Chrome/122.0.0.0 Mobile Sa', '89.38.227.66', 'Accept-Language: en-US,en;q=0.9,fr-FR;q=0.8,fr;q=0.7', '2024-03-24 23:13:42'),
('p0SjQeOt', 'DuckDuckGo/5 (com.duckduckgo.mobile.android; Android API 30)', '154.72.167.134', NULL, '2024-03-24 22:32:49'),
('p4fMaXgY', 'Mozilla/5.0 (Linux; Android 10; K) AppleWebKit/537.36 (KHTML, like Gecko) Chrome/122.0.0.0 Mobile Sa', '87.101.93.214', 'Accept-Language: en-US,en;q=0.9,fr-FR;q=0.8,fr;q=0.7', '2024-03-24 23:01:38'),
('p7UveNkp', 'DuckDuckGo/5 (com.duckduckgo.mobile.android; Android API 30)', '154.72.167.193', NULL, '2024-03-24 23:34:15'),
('Pa6Fj3Nm', 'Mozilla/5.0 (Linux; Android 10; K) AppleWebKit/537.36 (KHTML, like Gecko) Chrome/123.0.6312.42 Mobil', '154.72.150.180', 'Accept-Language: en-US,en;q=0.9,fr-FR;q=0.8,fr;q=0.7', '2024-04-07 10:39:12'),
('pAQq55YM', 'Mozilla/5.0 (Linux; Android 10; K) AppleWebKit/537.36 (KHTML, like Gecko) Chrome/123.0.6312.42 Mobil', '154.72.150.180', 'Accept-Language: en-US,en;q=0.9,fr-FR;q=0.8,fr;q=0.7', '2024-04-07 11:04:57'),
('pas3UNNL', 'Mozilla/5.0 (Linux; Android 7.0; SM-G930V Build/NRD90M) AppleWebKit/537.36 (KHTML, like Gecko) Chrom', '66.249.85.32', NULL, '2024-04-16 20:31:10'),
('paUujnoj', 'Mozilla/5.0 (Windows NT 10.0; Win64; x64) AppleWebKit/537.36 (KHTML, like Gecko) Chrome/122.0.0.0 Sa', '154.72.150.177', 'Accept-Language: en-US,en;q=0.9,fr;q=0.8', '2024-04-07 15:43:01'),
('pBHr4Enn', 'Mozilla/5.0 (Linux; Android 12; itel S665L) AppleWebKit/537.36 (KHTML, like Gecko) Chrome/105.0.0.0 ', '41.202.219.74', 'Accept-Language: fr-FR,fr;q=0.9,en-US;q=0.8,en;q=0.7', '2024-04-01 23:05:30'),
('pBtADPnn', 'Mozilla/5.0 (X11; Linux x86_64) AppleWebKit/537.36 (KHTML, like Gecko) Chrome/122.0.0.0 Safari/537.3', '154.72.150.153', 'Accept-Language: en-US,en;q=0.9,fr;q=0.8', '2024-04-02 08:29:31'),
('pcjROqAB', 'Mozilla/5.0 (Linux; Android 10; K) AppleWebKit/537.36 (KHTML, like Gecko) Chrome/122.0.0.0 Mobile Sa', '41.202.219.67', 'Accept-Language: en-US,en;q=0.9,fr-FR;q=0.8,fr;q=0.7', '2024-03-27 12:47:13'),
('pDKp3aGa', 'DuckDuckGo/5 (com.duckduckgo.mobile.android; Android API 30)', '154.72.150.140', NULL, '2024-04-08 14:02:58'),
('PDowpp9t', 'Mozilla/5.0 (Windows NT 10.0; Win64; x64; rv:125.0) Gecko/20100101 Firefox/125.0', '154.72.167.193', 'Accept-Language: fr,fr-FR;q=0.8,en-US;q=0.5,en;q=0.3', '2024-03-24 23:55:16'),
('PgT5qndw', 'facebookexternalhit/1.1 (+http://www.facebook.com/externalhit_uatext.php)', '2a03:2880:3ff:76::face:b0', NULL, '2024-04-18 01:20:15'),
('pGyOzQTs', 'Mozilla/5.0 (Linux; Android 6.0.1; Nexus 5X Build/MMB29P) AppleWebKit/537.36 (KHTML, like Gecko) Chr', '66.249.66.36', NULL, '2024-05-23 13:09:00'),
('pHIqCoGZ', 'Mozilla/5.0 (Linux; Android 10; TECNO KE5) AppleWebKit/537.36 (KHTML, like Gecko) Chrome/106.0.0.0 M', '41.202.219.76', 'Accept-Language: fr-FR,fr;q=0.9,en-US;q=0.8,en;q=0.7', '2024-03-31 15:27:47'),
('pJ2RDwm6', 'Mozilla/5.0 (Linux; Android 10; K) AppleWebKit/537.36 (KHTML, like Gecko) Chrome/123.0.6312.42 Mobil', '154.72.150.180', 'Accept-Language: en-US,en;q=0.9,fr-FR;q=0.8,fr;q=0.7', '2024-04-07 10:25:54'),
('PJJHG7mE', 'Mozilla/5.0 (Macintosh; U; Intel Mac OS X 10_6_8; en-us) AppleWebKit/534.50 (KHTML, like Gecko) Vers', '104.243.41.214', NULL, '2024-07-04 13:15:38'),
('PkWAzkZm', 'Mozilla/5.0 (Linux; Android 10; K) AppleWebKit/537.36 (KHTML, like Gecko) Chrome/122.0.0.0 Mobile Sa', '41.202.207.4', 'Accept-Language: fr-CM,fr;q=0.9,en-US;q=0.8,en;q=0.7,fr-FR;q=0.6', '2024-03-24 22:11:36'),
('plswmP7O', 'Mozilla/5.0 (Windows NT 10.0; Win64; x64; rv:124.0) Gecko/20100101 Firefox/124.0', '129.0.76.44', 'Accept-Language: fr,fr-FR;q=0.8,en-US;q=0.5,en;q=0.3', '2024-03-24 02:50:40'),
('pP37fdIF', 'TelegramBot (like TwitterBot)', '149.154.161.204', 'Accept-Language: en-US,en;q=0.5', '2024-07-05 13:22:16'),
('pQjQasVg', 'DuckDuckGo/5 (com.duckduckgo.mobile.android; Android API 30)', '154.72.150.146', NULL, '2024-03-27 12:46:14'),
('PveNnEzx', 'facebookexternalhit/1.1 (+http://www.facebook.com/externalhit_uatext.php)', '2a03:2880:22ff:77::face:b', NULL, '2024-05-30 23:21:19'),
('pvoufQqd', 'DuckDuckGo/5 (com.duckduckgo.mobile.android; Android API 30)', '154.72.150.155', NULL, '2024-04-02 16:50:01'),
('pWI5RSmA', 'Mozilla/5.0 (Linux; Android 6.0.1; Nexus 5X Build/MMB29P) AppleWebKit/537.36 (KHTML, like Gecko) Chr', '66.249.64.34', NULL, '2024-04-19 22:13:29'),
('pZAb21Ta', 'Mozilla/5.0 (Windows NT 10.0; Win64; x64; rv:125.0) Gecko/20100101 Firefox/125.0', '154.72.150.201', 'Accept-Language: fr,fr-FR;q=0.8,en-US;q=0.5,en;q=0.3', '2024-04-05 00:19:08'),
('q8iuk2QS', 'Mozilla/5.0 (X11; Linux x86_64) AppleWebKit/537.36 (KHTML, like Gecko) Chrome/122.0.0.0 Safari/537.3', '154.72.150.153', 'Accept-Language: en-US,en;q=0.9,fr;q=0.8', '2024-04-02 08:30:36'),
('QFdIcNxB', 'Mozilla/5.0 (Linux; Android 12; itel S665L) AppleWebKit/537.36 (KHTML, like Gecko) Chrome/105.0.0.0 ', '129.0.99.179', 'Accept-Language: fr-FR,fr;q=0.9,en-US;q=0.8,en;q=0.7', '2024-03-25 20:37:10'),
('qhB00rDA', 'DuckDuckGo/5 (com.duckduckgo.mobile.android; Android API 30)', '154.72.167.134', NULL, '2024-03-24 22:30:13'),
('QhGYC7OD', 'DuckDuckGo/5 (com.duckduckgo.mobile.android; Android API 30)', '154.72.167.134', NULL, '2024-03-24 22:52:59'),
('qImWrZGY', 'Mozilla/5.0 (Linux; Android 14; SAMSUNG SM-S911U) AppleWebKit/537.36 (KHTML, like Gecko) SamsungBrow', '66.249.80.200', 'Accept-Language: en-US,en;q=0.9', '2024-03-24 17:05:54'),
('qJtIEWvc', 'Mozilla/5.0 (Windows NT 6.1; WOW64) AppleWebKit/537.36 (KHTML, like Gecko) Chrome/90.0.4430.93 Safar', '171.6.233.129', NULL, '2024-05-02 08:14:14'),
('QjwjoixP', 'DuckDuckGo/5 (com.duckduckgo.mobile.android; Android API 30)', '154.72.150.161', NULL, '2024-04-09 07:31:17'),
('qKMZNVHv', 'Mozilla/5.0 (Linux; Android 14; SAMSUNG SM-S918U) AppleWebKit/537.36 (KHTML, like Gecko) SamsungBrow', '74.125.212.37', 'Accept-Language: en-US,en;q=0.9', '2024-04-07 18:19:25'),
('QLZ65shf', 'DuckDuckGo/5 (com.duckduckgo.mobile.android; Android API 30)', '154.72.167.136', NULL, '2024-03-24 10:23:48'),
('qoBwJyrg', 'Mozilla/5.0 (Windows NT 10.0; Win64; x64; rv:125.0) Gecko/20100101 Firefox/125.0', '154.72.150.139', 'Accept-Language: fr,fr-FR;q=0.8,en-US;q=0.5,en;q=0.3', '2024-03-28 16:48:33'),
('QOD8AyqY', 'facebookexternalhit/1.1 (+http://www.facebook.com/externalhit_uatext.php)', '2a03:2880:13ff:e::face:b0', NULL, '2024-05-19 06:01:46'),
('qRlLmSAh', 'DuckDuckGo/5 (com.duckduckgo.mobile.android; Android API 30)', '154.72.150.155', NULL, '2024-04-02 16:14:02'),
('QUur9EtD', 'Mozilla/5.0 (Linux; Android 10; K) AppleWebKit/537.36 (KHTML, like Gecko) Chrome/122.0.0.0 Mobile Sa', '154.72.150.161', 'Accept-Language: en-US,en;q=0.9,fr;q=0.8', '2024-04-09 07:57:15'),
('QwPMGVe1', 'Mozilla/5.0 (Windows NT 10.0; Win64; x64) AppleWebKit/537.36 (KHTML, like Gecko) Chrome/89.0.4389.90', '70.130.98.42', NULL, '2024-04-29 16:22:31'),
('qWuHiiBD', 'DuckDuckGo/5 (com.duckduckgo.mobile.android; Android API 30)', '154.72.150.161', NULL, '2024-04-09 07:17:51'),
('QXf5uQxm', 'DuckDuckGo/5 (com.duckduckgo.mobile.android; Android API 30)', '154.72.150.225', NULL, '2024-03-31 12:34:43'),
('qY2RTUwY', '', '15.235.15.135', NULL, '2024-06-02 05:40:27'),
('r1U4fSu3', 'Mozilla/5.0 (Linux; Android 10; K) AppleWebKit/537.36 (KHTML, like Gecko) Chrome/125.0.0.0 Mobile Sa', '129.0.99.207', 'Accept-Language: fr-FR,fr;q=0.9,en-US;q=0.8,en;q=0.7', '2024-06-05 19:43:29'),
('r2S8UjH3', 'DuckDuckGo/5 (com.duckduckgo.mobile.android; Android API 30)', '154.72.167.222', NULL, '2024-04-28 18:53:40'),
('r4FVlvEM', 'WhatsApp/2.23.20.0', '154.72.150.180', 'Accept-Language: en', '2024-04-06 20:18:28'),
('r5eokNqB', 'Mozilla/5.0 (Linux; Android 10; K) AppleWebKit/537.36 (KHTML, like Gecko) Chrome/119.0.0.0 Mobile Sa', '89.38.227.86', 'Accept-Language: en-GB,en;q=0.9,fr-FR;q=0.8,fr;q=0.7,en-US;q=0.6', '2024-03-25 06:54:49'),
('R6ktGlJ7', 'DuckDuckGo/5 (com.duckduckgo.mobile.android; Android API 30)', '154.72.150.161', NULL, '2024-04-09 07:12:58'),
('r7Zhlivh', 'Mozilla/5.0 (Linux; Android 10; TECNO KE5) AppleWebKit/537.36 (KHTML, like Gecko) Chrome/106.0.0.0 M', '41.202.219.76', 'Accept-Language: fr-FR,fr;q=0.9,en-US;q=0.8,en;q=0.7', '2024-03-31 15:26:35'),
('rCFzmRlT', 'Mozilla/5.0 (Linux; Android 7.0; SM-G930V Build/NRD90M) AppleWebKit/537.36 (KHTML, like Gecko) Chrom', '66.249.85.32', NULL, '2024-04-16 20:32:29'),
('RCLHmh2O', 'TelegramBot (like TwitterBot)', '149.154.161.202', 'Accept-Language: en-US,en;q=0.5', '2024-07-04 16:12:03'),
('rCn0lOUc', 'DuckDuckGo/5 (com.duckduckgo.mobile.android; Android API 30)', '154.72.150.146', NULL, '2024-03-27 12:45:04'),
('rCN6KOtQ', 'Mozilla/5.0 (Linux; Android 10; K) AppleWebKit/537.36 (KHTML, like Gecko) Chrome/119.0.0.0 Mobile Sa', '146.70.18.46', 'Accept-Language: fr-CM,fr;q=0.9,en-CA;q=0.8,en;q=0.7,fr-FR;q=0.6,en-US;q=0.5', '2024-04-08 20:14:26'),
('Rd3a1Y7x', 'DuckDuckGo/5 (com.duckduckgo.mobile.android; Android API 30)', '154.72.150.161', NULL, '2024-04-09 07:27:37'),
('rdaIiZPM', 'Mozilla/5.0 (Windows NT 10.0; Win64; x64) AppleWebKit/537.36 (KHTML, like Gecko) Chrome/126.0.0.0 Sa', '154.72.169.76', 'Accept-Language: en-US,en;q=0.9,fr;q=0.8', '2024-07-01 15:34:42'),
('RdFKUJVk', 'Mozilla/5.0 (Windows NT 10.0; Win64; x64) AppleWebKit/537.36 (KHTML, like Gecko) Chrome/122.0.0.0 Sa', '154.72.150.177', 'Accept-Language: en-US,en;q=0.9,fr;q=0.8', '2024-04-07 15:42:37'),
('rDoAyKAx', 'Mozilla/5.0 (Linux; Android 10; K) AppleWebKit/537.36 (KHTML, like Gecko) Chrome/122.0.0.0 Mobile Sa', '41.202.219.67', 'Accept-Language: en-US,en;q=0.9,fr-FR;q=0.8,fr;q=0.7', '2024-03-27 12:42:21'),
('Rf3Wmvrz', 'DuckDuckGo/5 (com.duckduckgo.mobile.android; Android API 30)', '154.72.150.170', NULL, '2024-03-30 08:52:40'),
('rFJNLfU2', 'Mozilla/5.0 (Windows NT 10.0; Win64; x64; rv:125.0) Gecko/20100101 Firefox/125.0', '154.72.167.134', 'Accept-Language: fr,fr-FR;q=0.8,en-US;q=0.5,en;q=0.3', '2024-03-24 21:51:06'),
('RhrRbX8j', 'DuckDuckGo/5 (com.duckduckgo.mobile.android; Android API 30)', '154.72.150.195', NULL, '2024-03-28 11:19:43'),
('RIkS21HV', 'DuckDuckGo/5 (com.duckduckgo.mobile.android; Android API 30)', '154.72.150.180', NULL, '2024-04-07 10:39:14'),
('rlsSRndd', 'DuckDuckGo/5 (com.duckduckgo.mobile.android; Android API 30)', '154.72.150.218', NULL, '2024-03-25 08:45:50'),
('rlSx1Zpj', 'DuckDuckGo/5 (com.duckduckgo.mobile.android; Android API 30)', '154.72.167.134', NULL, '2024-03-24 22:29:51'),
('ROu7i2Hs', 'Mozilla/5.0 (Linux; Android 12; itel S665L) AppleWebKit/537.36 (KHTML, like Gecko) Chrome/105.0.0.0 ', '41.202.219.74', 'Accept-Language: fr-FR,fr;q=0.9,en-US;q=0.8,en;q=0.7', '2024-04-01 23:01:09'),
('rpoK6KTE', 'Mozilla/5.0 (Linux; Android 10; K) AppleWebKit/537.36 (KHTML, like Gecko) Chrome/119.0.0.0 Mobile Sa', '89.38.227.86', 'Accept-Language: en-GB,en;q=0.9,fr-FR;q=0.8,fr;q=0.7,en-US;q=0.6', '2024-03-25 06:54:06'),
('RrPqm0wv', 'Mozilla/5.0 (iPhone; CPU iPhone OS 17_4_1 like Mac OS X) AppleWebKit/605.1.15 (KHTML, like Gecko) Ve', '102.244.220.135', 'Accept-Language: fr-FR,fr;q=0.9', '2024-04-03 16:55:25'),
('RSqOMwn3', 'Mozilla/5.0 (Linux; Android 10; K) AppleWebKit/537.36 (KHTML, like Gecko) Chrome/122.0.0.0 Mobile Sa', '89.38.227.74', 'Accept-Language: en-US,en;q=0.9,fr-FR;q=0.8,fr;q=0.7', '2024-03-24 22:34:39'),
('rt68mpqs', 'DuckDuckGo/5 (com.duckduckgo.mobile.android; Android API 30)', '154.72.150.227', NULL, '2024-04-01 23:45:58'),
('runwQxnD', 'Mozilla/5.0 (Linux; Android 10; K) AppleWebKit/537.36 (KHTML, like Gecko) Chrome/122.0.6261.119 Mobi', '154.72.167.134', 'Accept-Language: en-US,en;q=0.9,fr-FR;q=0.8,fr;q=0.7', '2024-03-24 22:05:56'),
('rvBobdot', 'DuckDuckGo/5 (com.duckduckgo.mobile.android; Android API 30)', '154.72.150.161', NULL, '2024-04-09 07:15:41'),
('rvla73ue', 'Mozilla/5.0 (Linux; Android 10; K) AppleWebKit/537.36 (KHTML, like Gecko) Chrome/123.0.0.0 Mobile Sa', '102.244.88.1', 'Accept-Language: fr-CM,fr-FR;q=0.9,fr;q=0.8,en-CM;q=0.7,en;q=0.6,en-US;q=0.5,af;q=0.4', '2024-04-06 19:33:14'),
('RwPxhZq0', 'Mozilla/5.0 (Linux; Android 14; Pixel 7 Pro) AppleWebKit/537.36 (KHTML, like Gecko) Chrome/121.0.0.0', '74.125.212.37', 'Accept-Language: en-US,en;q=0.9', '2024-03-31 12:38:57'),
('rWY8qU5z', 'Mozilla/5.0 (Windows NT 10.0; Win64; x64) AppleWebKit/537.36 (KHTML, like Gecko) Chrome/85.0.4183.12', '192.200.148.91', NULL, '2024-04-29 16:22:26'),
('rxhOwt4F', 'facebookexternalhit/1.1 (+http://www.facebook.com/externalhit_uatext.php)', '2a03:2880:31ff:5::face:b0', NULL, '2024-03-29 12:33:15'),
('RXlsZIh2', 'Mozilla/5.0 (Linux; Android 8.0.0; Pixel 2 XL Build/OPD1.170816.004) AppleWebKit/537.36 (KHTML, like', '62.231.78.4', 'Accept-Language: ro-RO,ro;q=0.9,en-US;q=0.8,en;q=0.7', '2024-04-08 20:14:52'),
('ryVWNmZP', 'Mozilla/5.0 (Windows NT 10.0; Win64; x64) AppleWebKit/537.36 (KHTML, like Gecko) Chrome/126.0.0.0 Sa', '154.72.171.45', 'Accept-Language: fr-FR,fr;q=0.9,en-US;q=0.8,en;q=0.7', '2024-06-19 09:04:14'),
('s1N99UMC', 'Mozilla/5.0 (Linux; Android 10; K) AppleWebKit/537.36 (KHTML, like Gecko) Chrome/123.0.6312.42 Mobil', '154.72.150.180', 'Accept-Language: en-US,en;q=0.9,fr-FR;q=0.8,fr;q=0.7', '2024-04-07 10:26:26'),
('s3hDmo8M', 'facebookexternalhit/1.1 (+http://www.facebook.com/externalhit_uatext.php)', '2a03:2880:31ff:d::face:b0', NULL, '2024-03-29 12:33:00'),
('s8oTDIys', 'DuckDuckGo/5 (com.duckduckgo.mobile.android; Android API 30)', '154.72.150.180', NULL, '2024-04-07 11:13:29'),
('S8ZRJDPq', 'facebookexternalhit/1.1 (+http://www.facebook.com/externalhit_uatext.php)', '2a03:2880:3ff:77::face:b0', NULL, '2024-04-18 01:20:15'),
('ScsGm6Y3', 'Mozilla/5.0 (Windows NT 10.0; Win64; x64; rv:125.0) Gecko/20100101 Firefox/125.0', '154.72.167.193', 'Accept-Language: fr,fr-FR;q=0.8,en-US;q=0.5,en;q=0.3', '2024-03-25 00:05:39'),
('SDO2pVjn', 'Mozilla/5.0 (Linux; Android 10; K) AppleWebKit/537.36 (KHTML, like Gecko) Chrome/123.0.6312.42 Mobil', '154.72.150.180', 'Accept-Language: en-US,en;q=0.9,fr-FR;q=0.8,fr;q=0.7', '2024-04-07 10:27:50'),
('seKBG00Q', 'MobileSafari/8616.2.9.10.13 CFNetwork/1485 Darwin/23.1.0', '102.244.222.42', 'Accept-Language: fr-FR,fr;q=0.9', '2024-04-07 09:19:08'),
('SiFuBizT', 'DuckDuckGo/5 (com.duckduckgo.mobile.android; Android API 30)', '154.72.150.213', NULL, '2024-03-26 00:02:09'),
('sRoo9h3u', 'Mozilla/5.0 (Windows NT 10.0; Win64; x64) AppleWebKit/537.36 (KHTML, like Gecko) Chrome/89.0.4389.90', '5.183.131.35', NULL, '2024-04-29 16:22:29'),
('sTCE294E', 'Mozilla/5.0 (Linux; Android 7.0; SM-G930V Build/NRD90M) AppleWebKit/537.36 (KHTML, like Gecko) Chrom', '74.125.212.34', 'Accept-Language: en-US', '2024-04-16 20:30:02'),
('sug3j8Av', 'Mozilla/5.0 (Linux; Android 10; K) AppleWebKit/537.36 (KHTML, like Gecko) Chrome/123.0.6312.42 Mobil', '154.72.150.180', 'Accept-Language: en-US,en;q=0.9,fr-FR;q=0.8,fr;q=0.7', '2024-04-07 10:39:03'),
('SXDSspTg', 'Mozilla/5.0 (Linux; Android 7.0; SM-G930V Build/NRD90M) AppleWebKit/537.36 (KHTML, like Gecko) Chrom', '74.125.212.39', NULL, '2024-04-06 19:35:42'),
('SY5s7fAV', 'Mozilla/5.0 (Linux; Android 10; K) AppleWebKit/537.36 (KHTML, like Gecko) Chrome/122.0.6261.119 Mobi', '154.72.150.227', 'Accept-Language: en-US,en;q=0.9,fr-FR;q=0.8,fr;q=0.7', '2024-04-01 23:18:49'),
('sY7nAh7r', 'Mozilla/5.0 (Linux; Android 10; K) AppleWebKit/537.36 (KHTML, like Gecko) Chrome/123.0.6312.42 Mobil', '154.72.150.180', 'Accept-Language: en-US,en;q=0.9,fr-FR;q=0.8,fr;q=0.7', '2024-04-07 11:13:25'),
('syiUDKlH', 'Mozilla/5.0 (Linux; Android 10; TECNO KE5) AppleWebKit/537.36 (KHTML, like Gecko) Chrome/106.0.0.0 M', '41.202.219.76', 'Accept-Language: fr-FR,fr;q=0.9,en-US;q=0.8,en;q=0.7', '2024-03-31 15:24:35'),
('Sz2pqrJE', 'DuckDuckGo/5 (com.duckduckgo.mobile.android; Android API 30)', '154.72.150.161', NULL, '2024-04-09 07:28:05'),
('t05mifxp', 'DuckDuckGo/5 (com.duckduckgo.mobile.android; Android API 30)', '154.72.150.227', NULL, '2024-04-01 23:19:33'),
('t0GKlF1u', 'DuckDuckGo/5 (com.duckduckgo.mobile.android; Android API 30)', '154.72.167.136', NULL, '2024-03-24 10:46:42'),
('T31zqNXv', 'Mozilla/5.0 (Linux; Android 10; K) AppleWebKit/537.36 (KHTML, like Gecko) Chrome/123.0.6312.42 Mobil', '154.72.150.180', 'Accept-Language: en-US,en;q=0.9,fr-FR;q=0.8,fr;q=0.7', '2024-04-07 10:27:05'),
('t75oz83M', 'Mozilla/5.0 (Linux; Android 6.0.1; Nexus 5X Build/MMB29P) AppleWebKit/537.36 (KHTML, like Gecko) Chr', '66.249.64.34', NULL, '2024-06-12 08:49:01'),
('t7TOXQ0C', 'Mozilla/5.0 (Windows NT 10.0; Win64; x64; rv:124.0) Gecko/20100101 Firefox/124.0', '129.0.76.44', 'Accept-Language: fr,fr-FR;q=0.8,en-US;q=0.5,en;q=0.3', '2024-03-24 02:49:20'),
('tCg9EaPC', 'Mozilla/5.0 (Linux; Android 10; K) AppleWebKit/537.36 (KHTML, like Gecko) Chrome/121.0.0.0 Mobile Sa', '63.117.14.10', 'Accept-Language: en-US,en;q=0.9', '2024-03-27 13:00:24'),
('td2DYU0E', 'Mozilla/5.0 (Linux; Android 10; K) AppleWebKit/537.36 (KHTML, like Gecko) Chrome/123.0.6312.42 Mobil', '154.72.150.180', 'Accept-Language: en-US,en;q=0.9,fr-FR;q=0.8,fr;q=0.7', '2024-04-07 10:26:12'),
('TDpHRiNn', 'DuckDuckGo/5 (com.duckduckgo.mobile.android; Android API 30)', '154.72.150.206', NULL, '2024-04-05 16:49:22'),
('TEibX5F0', 'DuckDuckGo/5 (com.duckduckgo.mobile.android; Android API 30)', '154.72.167.134', NULL, '2024-03-24 22:21:58'),
('THlcB2g3', 'Mozilla/5.0 (Linux; Android 10; K) AppleWebKit/537.36 (KHTML, like Gecko) Chrome/114.0.0.0 Mobile Sa', '154.72.150.177', 'Accept-Language: fr-FR,fr;q=0.9,en-US;q=0.8,en;q=0.7', '2024-05-09 00:48:09'),
('tkmHIxOQ', 'WhatsApp/2.23.20.0', '154.72.167.134', 'Accept-Language: en', '2024-03-24 22:35:12'),
('TMLX48PE', 'Mozilla/5.0 (Linux; Android 9; SAMSUNG SM-A105F) AppleWebKit/537.36 (KHTML, like Gecko) SamsungBrows', '146.70.127.174', 'Accept-Language: fr-BE,fr,en-US,en', '2024-04-09 12:41:07'),
('TNRBy7BN', 'Mozilla/5.0 (Linux; Android 10; K) AppleWebKit/537.36 (KHTML, like Gecko) Chrome/122.0.0.0 Mobile Sa', '146.70.51.238', 'Accept-Language: en-US,en;q=0.9,fr-FR;q=0.8,fr;q=0.7', '2024-03-24 22:30:31'),
('tpO8r8T2', 'DuckDuckGo/5 (com.duckduckgo.mobile.android; Android API 30)', '154.72.150.155', NULL, '2024-04-02 16:20:47'),
('TQ4bTSMU', 'Mozilla/5.0 (Linux; Android 10; K) AppleWebKit/537.36 (KHTML, like Gecko) Chrome/122.0.6261.119 Mobi', '154.72.150.227', 'Accept-Language: en-US,en;q=0.9,fr-FR;q=0.8,fr;q=0.7', '2024-04-01 23:45:59'),
('TsmGsxGC', 'Mozilla/5.0 (Windows NT 10.0; Win64; x64) AppleWebKit/537.36 (KHTML, like Gecko) Chrome/122.0.0.0 Sa', '154.72.150.177', 'Accept-Language: en-US,en;q=0.9,fr;q=0.8', '2024-04-07 15:41:34'),
('TxKftYSc', 'DuckDuckGo/5 (com.duckduckgo.mobile.android; Android API 30)', '154.72.167.222', NULL, '2024-04-28 18:50:09'),
('u3zLga16', 'DuckDuckGo/5 (com.duckduckgo.mobile.android; Android API 30)', '154.72.167.134', NULL, '2024-03-24 22:29:35'),
('U5Dvy4kW', 'DuckDuckGo/5 (com.duckduckgo.mobile.android; Android API 30)', '154.72.150.231', NULL, '2024-04-03 19:09:57'),
('u7fToFY0', 'DuckDuckGo/5 (com.duckduckgo.mobile.android; Android API 30)', '154.72.150.180', NULL, '2024-04-06 20:00:44'),
('UB195nJ3', 'Mozilla/5.0 (X11; Linux x86_64) AppleWebKit/537.36 (KHTML, like Gecko) Chrome/122.0.0.0 Safari/537.3', '154.72.167.209', 'Accept-Language: en-US,en;q=0.9,fr-FR;q=0.8,fr;q=0.7', '2024-03-24 17:38:13'),
('uBl9SfOv', 'WhatsApp/2.23.20.0', '154.72.150.146', 'Accept-Language: en', '2024-03-27 12:27:30'),
('uCu733Y6', 'Mozilla/5.0 (Linux; Android 10; K) AppleWebKit/537.36 (KHTML, like Gecko) Chrome/122.0.6261.119 Mobi', '154.72.150.227', 'Accept-Language: en-US,en;q=0.9,fr-FR;q=0.8,fr;q=0.7', '2024-04-01 23:19:24'),
('UEb6dTnw', 'DuckDuckGo/5 (com.duckduckgo.mobile.android; Android API 30)', '154.72.150.146', NULL, '2024-03-27 14:16:28'),
('ueDnDSkB', 'Mozilla/5.0 (compatible; wpbot/1.1; +https://forms.gle/ajBaxygz9jSR8p8G9)', '35.93.164.170', NULL, '2024-05-24 17:01:09'),
('uhr3OlYL', 'WhatsApp/2.23.20.0', '154.72.150.180', 'Accept-Language: en', '2024-04-06 20:15:43'),
('UKi9sVyG', 'Mozilla/5.0 (Linux; Android 10; K) AppleWebKit/537.36 (KHTML, like Gecko) Chrome/126.0.0.0 Mobile Sa', '154.72.170.225', 'Accept-Language: en-US,en;q=0.9,fr;q=0.8', '2024-07-05 17:17:37'),
('Ul6J6g88', 'Mozilla/5.0 (Linux; Android 10; K) AppleWebKit/537.36 (KHTML, like Gecko) Chrome/122.0.0.0 Mobile Sa', '102.244.221.219', 'Accept-Language: en-US,en;q=0.9,fr-FR;q=0.8,fr;q=0.7', '2024-03-24 22:19:56'),
('UNvIjkK9', 'Mozilla/5.0 (Linux; Android 10; K) AppleWebKit/537.36 (KHTML, like Gecko) Chrome/123.0.0.0 Mobile Sa', '154.72.167.180', 'Accept-Language: fr-FR,fr;q=0.9,en-US;q=0.8,en;q=0.7', '2024-06-05 14:57:52'),
('Uqj60yY6', 'DuckDuckGo/5 (com.duckduckgo.mobile.android; Android API 30)', '154.72.167.136', NULL, '2024-03-24 10:45:45'),
('UtDzs6WW', 'Mozilla/5.0 (Windows NT 10.0; Win64; x64) AppleWebKit/537.36 (KHTML, like Gecko) Chrome/125.0.0.0 Sa', '74.51.221.36', 'Accept-Language: en-US,en;q=0.9', '2024-07-06 13:48:16'),
('uvQ6Q2r2', 'Mozilla/5.0 (Windows NT 10.0; Win64; x64; rv:125.0) Gecko/20100101 Firefox/125.0', '154.72.150.139', 'Accept-Language: fr,fr-FR;q=0.8,en-US;q=0.5,en;q=0.3', '2024-03-28 16:50:05'),
('uVZUEY05', 'DuckDuckGo/5 (com.duckduckgo.mobile.android; Android API 30)', '154.72.150.161', NULL, '2024-04-09 07:29:57'),
('UxoL9oGu', 'Mozilla/5.0 (Linux; Android 6.0.1; Nexus 5X Build/MMB29P) AppleWebKit/537.36 (KHTML, like Gecko) Chr', '66.249.64.38', NULL, '2024-04-12 19:11:46'),
('uZgbUrCn', 'DuckDuckGo/5 (com.duckduckgo.mobile.android; Android API 30)', '154.72.167.193', NULL, '2024-03-25 00:18:32'),
('v4DctQdy', 'Mozilla/5.0 (Linux; Android 10; K) AppleWebKit/537.36 (KHTML, like Gecko) Chrome/122.0.0.0 Mobile Sa', '193.27.12.130', 'Accept-Language: en-US,en;q=0.9,fr-FR;q=0.8,fr;q=0.7', '2024-03-24 23:03:30'),
('v555bcbB', 'DuckDuckGo/5 (com.duckduckgo.mobile.android; Android API 30)', '154.72.150.146', NULL, '2024-03-27 12:46:26'),
('V8RbX7YA', 'DuckDuckGo/5 (com.duckduckgo.mobile.android; Android API 30)', '154.72.150.136', NULL, '2024-03-26 09:42:41'),
('v9sS5hml', 'Mozilla/5.0 (Linux; Android 10; K) AppleWebKit/537.36 (KHTML, like Gecko) Chrome/123.0.0.0 Mobile Sa', '102.244.88.1', 'Accept-Language: fr-CM,fr-FR;q=0.9,fr;q=0.8,en-CM;q=0.7,en;q=0.6,en-US;q=0.5,af;q=0.4', '2024-04-06 19:31:32'),
('VBDAFlOm', 'DuckDuckGo/5 (com.duckduckgo.mobile.android; Android API 30)', '154.72.150.161', NULL, '2024-04-09 07:27:33'),
('vbwBaV1O', 'Mozilla/5.0 (Linux; Android 10; K) AppleWebKit/537.36 (KHTML, like Gecko) Chrome/121.0.0.0 Mobile Sa', '41.202.207.4', 'Accept-Language: fr-CM,fr;q=0.6', '2024-03-24 22:38:51'),
('vCjsxD6x', 'DuckDuckGo/5 (com.duckduckgo.mobile.android; Android API 30)', '154.72.167.193', NULL, '2024-03-24 23:25:09'),
('VfbnhomH', 'DuckDuckGo/5 (com.duckduckgo.mobile.android; Android API 30)', '154.72.167.134', NULL, '2024-03-24 22:28:40'),
('VFO614dG', 'Mozilla/5.0 (Linux; Android 10; K) AppleWebKit/537.36 (KHTML, like Gecko) Chrome/122.0.0.0 Mobile Sa', '87.101.93.214', 'Accept-Language: en-US,en;q=0.9,fr-FR;q=0.8,fr;q=0.7', '2024-03-24 23:00:32'),
('vGUEv0JL', 'Mozilla/5.0 (Linux; Android 10; K) AppleWebKit/537.36 (KHTML, like Gecko) Chrome/119.0.0.0 Mobile Sa', '89.38.227.122', 'Accept-Language: en-GB,en;q=0.9,fr-FR;q=0.8,fr;q=0.7,en-US;q=0.6', '2024-03-24 15:33:09'),
('vgZYKAAq', 'Mozilla/5.0 (Windows NT 6.1; Win64; x64; rv:109.0) Gecko/20100101 Firefox/115.0', '154.72.168.78', 'Accept-Language: fr,fr-FR;q=0.8,en-US;q=0.5,en;q=0.3', '2024-05-14 19:26:02'),
('VkbkqAIl', 'DuckDuckGo/5 (com.duckduckgo.mobile.android; Android API 30)', '154.72.150.147', NULL, '2024-03-29 10:28:32'),
('vqE5WnnQ', 'DuckDuckGo/5 (com.duckduckgo.mobile.android; Android API 30)', '154.72.150.158', NULL, '2024-03-27 10:10:03'),
('Vr3RczRt', '', '15.235.15.135', NULL, '2024-05-24 21:06:23'),
('vTZqMOMR', 'Mozilla/5.0 (X11; Linux x86_64) AppleWebKit/537.36 (KHTML, like Gecko) Chrome/122.0.0.0 Safari/537.3', '154.72.150.227', 'Accept-Language: en-US,en;q=0.9,fr;q=0.8', '2024-04-01 23:48:07'),
('vxI4MlPX', 'Mozilla/5.0 (X11; Linux x86_64) AppleWebKit/537.36 (KHTML, like Gecko) Chrome/122.0.0.0 Safari/537.3', '154.72.150.225', 'Accept-Language: en-US,en;q=0.9,fr;q=0.8', '2024-03-31 12:36:01'),
('VZTis3tU', 'Mozilla/5.0 (Windows NT 10.0; Win64; x64; rv:125.0) Gecko/20100101 Firefox/125.0', '154.72.167.134', 'Accept-Language: fr,fr-FR;q=0.8,en-US;q=0.5,en;q=0.3', '2024-03-24 21:52:48'),
('VzW8UAxI', 'Mozilla/5.0 (compatible; Googlebot/2.1; +http://www.google.com/bot.html)', '66.249.66.42', NULL, '2024-04-07 11:43:25'),
('W1JJ0VEq', 'Mozilla/5.0 (Linux; Android 6.0.1; Nexus 5X Build/MMB29P) AppleWebKit/537.36 (KHTML, like Gecko) Chr', '66.249.64.42', NULL, '2024-04-15 01:18:08'),
('wAifXKNX', 'DuckDuckGo/5 (com.duckduckgo.mobile.android; Android API 30)', '154.72.150.161', NULL, '2024-04-09 07:12:36'),
('wchzSFQa', 'Mozilla/5.0 (Linux; Android 10; K) AppleWebKit/537.36 (KHTML, like Gecko) Chrome/122.0.6261.119 Mobi', '154.72.150.227', 'Accept-Language: en-US,en;q=0.9,fr-FR;q=0.8,fr;q=0.7', '2024-04-01 23:45:57'),
('WFbXkcXu', 'DuckDuckGo/5 (com.duckduckgo.mobile.android; Android API 30)', '154.72.150.180', NULL, '2024-04-07 10:31:40'),
('wFlfU81R', 'DuckDuckGo/5 (com.duckduckgo.mobile.android; Android API 30)', '154.72.150.146', NULL, '2024-03-27 12:33:10'),
('Wg7GPWbR', 'Mozilla/5.0 (Linux; Android 14; SAMSUNG SM-G991U) AppleWebKit/537.36 (KHTML, like Gecko) SamsungBrow', '172.58.89.142', 'Accept-Language: en-US,en;q=0.9', '2024-03-24 17:06:46'),
('WiOw5j3H', 'Mozilla/5.0 (Windows NT 10.0; Win64; x64) AppleWebKit/537.36 (KHTML, like Gecko) Chrome/125.0.0.0 Sa', '129.0.60.35', 'Accept-Language: fr-FR,fr;q=0.9,en-US;q=0.8,en;q=0.7', '2024-05-25 18:39:18'),
('WK1cqeDT', 'Mozilla/5.0 (Linux; Android 10; K) AppleWebKit/537.36 (KHTML, like Gecko) SamsungBrowser/25.0 Chrome', '65.79.192.6', 'Accept-Language: en-US,en;q=0.9', '2024-07-04 09:49:00'),
('wkzzRk52', 'Mozilla/5.0 (Linux; Android 10; K) AppleWebKit/537.36 (KHTML, like Gecko) Chrome/122.0.0.0 Mobile Sa', '41.202.219.67', 'Accept-Language: en-US,en;q=0.9,fr-FR;q=0.8,fr;q=0.7', '2024-03-27 12:43:34'),
('WLCX8wkA', 'WhatsApp/2.23.20.0', '154.72.150.177', 'Accept-Language: en', '2024-03-31 15:29:22'),
('WLdGxTO5', 'Mozilla/5.0 (Linux; Android 10; TECNO KE5) AppleWebKit/537.36 (KHTML, like Gecko) Chrome/106.0.0.0 M', '41.202.219.76', 'Accept-Language: fr-FR,fr;q=0.9,en-US;q=0.8,en;q=0.7', '2024-03-31 15:25:20'),
('WLHqTssR', 'Mozilla/5.0 (Linux; Android 12; itel S665L) AppleWebKit/537.36 (KHTML, like Gecko) Chrome/105.0.0.0 ', '41.202.219.74', 'Accept-Language: fr-FR,fr;q=0.9,en-US;q=0.8,en;q=0.7', '2024-04-01 23:06:24'),
('wlTyWemV', 'Mozilla/5.0 (Windows NT 10.0; Win64; x64; rv:109.0) Gecko/20100101 Firefox/115.0', '154.72.169.41', 'Accept-Language: fr,fr-FR;q=0.8,en-US;q=0.5,en;q=0.3', '2024-05-27 20:11:21'),
('wMxG042O', 'Mozilla/5.0 (compatible; wpbot/1.1; +https://forms.gle/ajBaxygz9jSR8p8G9)', '35.82.16.97', NULL, '2024-05-11 13:51:25'),
('WNeRRSsC', 'DuckDuckGo/5 (com.duckduckgo.mobile.android; Android API 30)', '154.72.150.155', NULL, '2024-04-02 16:49:52'),
('WrheTsYr', 'WhatsApp/2.23.20.0', '154.72.167.136', 'Accept-Language: en', '2024-03-24 10:22:02'),
('Wtkh9h2s', 'DuckDuckGo/5 (com.duckduckgo.mobile.android; Android API 30)', '154.72.150.206', NULL, '2024-04-05 16:48:32'),
('wTlLJBHI', 'Mozilla/5.0 (Macintosh; U; Intel Mac OS X 10_6_8; en-us) AppleWebKit/534.50 (KHTML, like Gecko) Vers', '104.243.41.214', NULL, '2024-07-05 15:27:41'),
('wuP8qBzy', 'Mozilla/5.0 (Linux; Android 10; K) AppleWebKit/537.36 (KHTML, like Gecko) Chrome/122.0.0.0 Mobile Sa', '41.202.207.1', 'Accept-Language: en-US,en;q=0.9,fr-FR;q=0.8,fr;q=0.7', '2024-03-24 04:59:00'),
('wXmoMFtN', 'Mozilla/5.0 (Linux; Android 10; K) AppleWebKit/537.36 (KHTML, like Gecko) Chrome/123.0.0.0 Mobile Sa', '102.244.88.1', 'Accept-Language: fr-CM,fr-FR;q=0.9,fr;q=0.8,en-CM;q=0.7,en;q=0.6,en-US;q=0.5,af;q=0.4', '2024-04-06 19:32:34'),
('WxQLs4Df', 'DuckDuckGo/5 (com.duckduckgo.mobile.android; Android API 30)', '154.72.150.146', NULL, '2024-03-27 12:45:01'),
('x4x6jBw2', 'Mozilla/5.0 (Windows NT 10.0; Win64; x64; rv:109.0) Gecko/20100101 Firefox/115.0', '154.72.168.173', 'Accept-Language: fr,fr-FR;q=0.8,en-US;q=0.5,en;q=0.3', '2024-06-18 11:06:09'),
('X6wnFDb3', 'Mozilla/5.0 (Linux; Android 10; K) AppleWebKit/537.36 (KHTML, like Gecko) Chrome/122.0.6261.119 Mobi', '154.72.167.134', 'Accept-Language: en-US,en;q=0.9,fr-FR;q=0.8,fr;q=0.7', '2024-03-24 22:06:01'),
('Xa0Qm6gJ', 'DuckDuckGo/5 (com.duckduckgo.mobile.android; Android API 30)', '154.72.150.146', NULL, '2024-03-27 12:43:36'),
('XHb85P4t', 'DuckDuckGo/5 (com.duckduckgo.mobile.android; Android API 30)', '154.72.167.136', NULL, '2024-03-24 10:29:42'),
('xIQrh1PZ', 'Mozilla/5.0 (Linux; Android 10; K) AppleWebKit/537.36 (KHTML, like Gecko) Chrome/123.0.0.0 Mobile Sa', '102.244.221.219', 'Accept-Language: fr-FR,fr;q=0.9,en-US;q=0.8,en;q=0.7', '2024-04-17 10:59:34'),
('xJTtpcpJ', 'Mozilla/5.0 (Linux; Android 10; K) AppleWebKit/537.36 (KHTML, like Gecko) Chrome/122.0.6261.119 Mobi', '154.72.167.134', 'Accept-Language: en-US,en;q=0.9,fr-FR;q=0.8,fr;q=0.7', '2024-03-24 22:29:33'),
('XlDkhSw1', 'DuckDuckGo/5 (com.duckduckgo.mobile.android; Android API 30)', '154.72.167.193', NULL, '2024-03-24 23:27:07'),
('xlQ3N1t9', 'facebookexternalhit/1.1 (+http://www.facebook.com/externalhit_uatext.php)', '2a03:2880:13ff:f::face:b0', NULL, '2024-06-26 07:25:06'),
('XMkMJlvE', 'Mozilla/5.0 (Linux; Android 10; K) AppleWebKit/537.36 (KHTML, like Gecko) Chrome/125.0.0.0 Mobile Sa', '154.72.150.251', 'Accept-Language: fr-FR,fr;q=0.9,en-US;q=0.8,en;q=0.7', '2024-07-04 00:00:58'),
('XNGsch1j', 'DuckDuckGo/5 (com.duckduckgo.mobile.android; Android API 30)', '154.72.167.134', NULL, '2024-03-24 22:31:59'),
('xnJ5ve7J', 'Mozilla/5.0 (Linux; Android 11; 21061119DG) AppleWebKit/537.36 (KHTML, like Gecko) Chrome/92.0.4515.', '129.0.76.83', 'Accept-Language: en-US,en;q=0.9,fr-FR;q=0.8,fr;q=0.7', '2024-05-01 08:46:24'),
('xQmRUgYe', 'Mozilla/5.0 (Linux; Android 10; TECNO KE5) AppleWebKit/537.36 (KHTML, like Gecko) Chrome/106.0.0.0 M', '41.202.219.76', 'Accept-Language: fr-FR,fr;q=0.9,en-US;q=0.8,en;q=0.7', '2024-03-31 15:26:46'),
('XrxZydq7', 'Mozilla/5.0 (Linux; Android 10; K) AppleWebKit/537.36 (KHTML, like Gecko) Chrome/122.0.0.0 Mobile Sa', '102.244.221.9', 'Accept-Language: en-US,en;q=0.9,fr-FR;q=0.8,fr;q=0.7', '2024-03-24 17:58:46'),
('XtGMNYIg', 'Mozilla/5.0 (Linux; Android 10; K) AppleWebKit/537.36 (KHTML, like Gecko) Chrome/122.0.6261.119 Mobi', '154.72.150.227', 'Accept-Language: en-US,en;q=0.9,fr-FR;q=0.8,fr;q=0.7', '2024-04-01 23:33:51'),
('XuUkb0XH', 'DuckDuckGo/5 (com.duckduckgo.mobile.android; Android API 30)', '154.72.167.193', NULL, '2024-03-24 23:25:56'),
('XUZPPeJ8', 'DuckDuckGo/5 (com.duckduckgo.mobile.android; Android API 30)', '154.72.167.136', NULL, '2024-03-24 10:47:41'),
('Xw4t2ffz', 'DuckDuckGo/5 (com.duckduckgo.mobile.android; Android API 30)', '154.72.150.136', NULL, '2024-03-26 11:03:37'),
('Xw6HRz65', 'DuckDuckGo/5 (com.duckduckgo.mobile.android; Android API 30)', '154.72.150.180', NULL, '2024-04-06 20:17:47'),
('xWE6z85n', 'DuckDuckGo/5 (com.duckduckgo.mobile.android; Android API 30)', '154.72.167.193', NULL, '2024-03-24 23:28:35'),
('XwVPQMpY', 'MobileSafari/8616.2.9.10.13 CFNetwork/1485 Darwin/23.1.0', '102.244.222.137', 'Accept-Language: fr-FR,fr;q=0.9', '2024-04-06 19:35:43'),
('xWwdXkIB', 'Mozilla/5.0 (Linux; U; Android 13; Pixel 4a (5G) Build/TQ3A.230901.001; wv) AppleWebKit/537.36 (KHTM', '62.210.246.136', 'Accept-Language: fr-CM,fr;q=0.9,en-US;q=0.8,en;q=0.7', '2024-03-27 14:42:45'),
('XXEqtCRm', 'Mozilla/5.0 (Linux; Android 12; itel S665L) AppleWebKit/537.36 (KHTML, like Gecko) Chrome/105.0.0.0 ', '41.202.219.74', 'Accept-Language: fr-FR,fr;q=0.9,en-US;q=0.8,en;q=0.7', '2024-04-01 23:01:02'),
('xybW3rpi', 'Mozilla/5.0 (Linux; Android 10; K) AppleWebKit/537.36 (KHTML, like Gecko) Chrome/122.0.0.0 Mobile Sa', '41.202.219.67', 'Accept-Language: en-US,en;q=0.9,fr-FR;q=0.8,fr;q=0.7', '2024-03-27 12:44:29'),
('y2gXJjsm', 'DuckDuckGo/5 (com.duckduckgo.mobile.android; Android API 30)', '154.72.150.227', NULL, '2024-04-01 23:34:18'),
('y4vOsibO', 'Mozilla/5.0 (Linux; Android 12; itel S665L) AppleWebKit/537.36 (KHTML, like Gecko) Chrome/105.0.0.0 ', '41.202.219.74', 'Accept-Language: fr-FR,fr;q=0.9,en-US;q=0.8,en;q=0.7', '2024-04-01 23:02:54');
INSERT INTO `visitors` (`id`, `ua`, `ip`, `accept_lang`, `created_at`) VALUES
('y5WBnilX', 'DuckDuckGo/5 (com.duckduckgo.mobile.android; Android API 30)', '154.72.150.146', NULL, '2024-03-27 14:18:44'),
('y6JKkpFb', 'DuckDuckGo/5 (com.duckduckgo.mobile.android; Android API 30)', '154.72.167.134', NULL, '2024-03-24 22:27:18'),
('Y8tjeijw', 'facebookexternalhit/1.1 (+http://www.facebook.com/externalhit_uatext.php)', '2a03:2880:31ff:75::face:b', NULL, '2024-03-29 12:32:38'),
('Ya6jbKH9', 'Mozilla/5.0 (Linux; Android 10; K) AppleWebKit/537.36 (KHTML, like Gecko) Chrome/123.0.0.0 Mobile Sa', '154.72.167.164', 'Accept-Language: fr-FR,fr;q=0.9,en-US;q=0.8,en;q=0.7', '2024-06-04 11:36:39'),
('YB5ewYdw', 'Mozilla/5.0 (Linux; Android 6.0.1; Nexus 5X Build/MMB29P) AppleWebKit/537.36 (KHTML, like Gecko) Chr', '66.249.65.1', NULL, '2024-04-18 16:12:10'),
('YBUoTtxr', 'Mozilla/5.0 (Linux; Android 10; K) AppleWebKit/537.36 (KHTML, like Gecko) Chrome/124.0.0.0 Mobile Sa', '154.72.150.136', 'Accept-Language: en-US,en;q=0.9,fr;q=0.8', '2024-05-25 19:44:23'),
('yDCM7mBp', 'Mozilla/5.0 (Linux; Android 7.0; SM-G930V Build/NRD90M) AppleWebKit/537.36 (KHTML, like Gecko) Chrom', '66.102.8.165', NULL, '2024-04-07 13:28:38'),
('ydJtlFwq', 'Mozilla/5.0 (Linux; Android 6.0.1; Nexus 5X Build/MMB29P) AppleWebKit/537.36 (KHTML, like Gecko) Chr', '66.249.66.37', NULL, '2024-05-20 21:53:25'),
('ye3J2KWM', 'Mozilla/5.0 (Linux; Android 10; K) AppleWebKit/537.36 (KHTML, like Gecko) Chrome/123.0.6312.42 Mobil', '154.72.150.161', 'Accept-Language: en-US,en;q=0.9,fr-FR;q=0.8,fr;q=0.7', '2024-04-09 07:31:19'),
('YE8UW1Y1', 'Mozilla/5.0 (Linux; Android 10; K) AppleWebKit/537.36 (KHTML, like Gecko) Chrome/122.0.0.0 Mobile Sa', '154.72.150.225', 'Accept-Language: en-US,en;q=0.9,fr;q=0.8', '2024-03-31 12:36:04'),
('yer67Cdr', 'Mozilla/5.0 (Windows NT 10.0; Win64; x64) AppleWebKit/537.36 (KHTML, like Gecko) Chrome/126.0.0.0 Sa', '149.34.244.183', 'Accept-Language: fr,fr-FR;q=0.9,en;q=0.8,en-GB;q=0.7,en-US;q=0.6', '2024-07-04 16:14:03'),
('Yf1Hg5OO', 'Mozilla/5.0 (Linux; Android 10; K) AppleWebKit/537.36 (KHTML, like Gecko) Chrome/122.0.6261.119 Mobi', '154.72.150.227', 'Accept-Language: en-US,en;q=0.9,fr-FR;q=0.8,fr;q=0.7', '2024-04-01 23:33:48'),
('yjjDTdYM', 'DuckDuckGo/5 (com.duckduckgo.mobile.android; Android API 30)', '154.72.150.161', NULL, '2024-04-09 07:29:16'),
('YOAkaOxH', 'Mozilla/5.0 (Linux; Android 10; K) AppleWebKit/537.36 (KHTML, like Gecko) Chrome/123.0.0.0 Mobile Sa', '154.72.167.194', 'Accept-Language: en-US,en;q=0.9,fr;q=0.8', '2024-04-16 20:31:07'),
('YOhGbfZI', 'Mozilla/5.0 (X11; Linux x86_64) AppleWebKit/537.36 (KHTML, like Gecko) Chrome/122.0.0.0 Safari/537.3', '154.72.150.225', 'Accept-Language: en-US,en;q=0.9,fr;q=0.8', '2024-03-31 12:41:08'),
('yPZs6C9h', 'Mozilla/5.0 (Linux; Android 14; SAMSUNG SM-G991U) AppleWebKit/537.36 (KHTML, like Gecko) SamsungBrow', '172.59.40.125', 'Accept-Language: en-US,en;q=0.9', '2024-03-24 17:06:41'),
('Yr324xZE', 'TelegramBot (like TwitterBot)', '149.154.161.213', 'Accept-Language: en-US,en;q=0.5', '2024-06-18 10:48:09'),
('yTa6kzCO', 'facebookexternalhit/1.1 (+http://www.facebook.com/externalhit_uatext.php)', '2a03:2880:27ff:b::face:b0', NULL, '2024-06-09 01:10:36'),
('yuL2acX1', 'DuckDuckGo/5 (com.duckduckgo.mobile.android; Android API 30)', '154.72.150.195', NULL, '2024-03-28 08:17:52'),
('YuuertiE', 'DuckDuckGo/5 (com.duckduckgo.mobile.android; Android API 30)', '154.72.167.193', NULL, '2024-03-24 23:18:01'),
('yWgM4KWf', 'DuckDuckGo/5 (com.duckduckgo.mobile.android; Android API 30)', '154.72.167.134', NULL, '2024-03-24 22:26:40'),
('YxmUaNrs', 'Mozilla/5.0 (Linux; Android 10; K) AppleWebKit/537.36 (KHTML, like Gecko) Chrome/123.0.6312.42 Mobil', '154.72.150.180', 'Accept-Language: en-US,en;q=0.9,fr-FR;q=0.8,fr;q=0.7', '2024-04-07 10:27:25'),
('yxydVrOb', 'Mozilla/5.0 (Linux; Android 10; K) AppleWebKit/537.36 (KHTML, like Gecko) Chrome/122.0.0.0 Mobile Sa', '154.72.150.225', 'Accept-Language: en-US,en;q=0.9,fr;q=0.8', '2024-03-31 12:36:10'),
('yY7PehiB', 'Mozilla/5.0 (Linux; Android 10; K) AppleWebKit/537.36 (KHTML, like Gecko) Chrome/122.0.6261.119 Mobi', '154.72.167.134', 'Accept-Language: en-US,en;q=0.9,fr-FR;q=0.8,fr;q=0.7', '2024-03-24 22:20:40'),
('yyHMBsld', 'Mozilla/5.0 (Linux; Android 10; K) AppleWebKit/537.36 (KHTML, like Gecko) Chrome/124.0.0.0 Mobile Sa', '154.72.150.136', 'Accept-Language: en-US,en;q=0.9,fr;q=0.8', '2024-05-25 19:47:08'),
('YZNv12Yy', 'Mozilla/5.0 (Windows NT 10.0; Win64; x64) AppleWebKit/537.36 (KHTML, like Gecko) Chrome/126.0.0.0 Sa', '154.72.171.45', 'Accept-Language: fr-FR,fr;q=0.9,en-US;q=0.8,en;q=0.7', '2024-06-19 10:47:07'),
('yzqwRSYX', 'DuckDuckGo/5 (com.duckduckgo.mobile.android; Android API 30)', '154.72.150.155', NULL, '2024-04-02 16:19:50'),
('Z1VqaZZC', 'DuckDuckGo/5 (com.duckduckgo.mobile.android; Android API 30)', '154.72.150.180', NULL, '2024-04-07 10:25:55'),
('z2DiN1De', 'Mozilla/5.0 (Windows NT 10.0; Win64; x64) AppleWebKit/537.36 (KHTML, like Gecko) Chrome/122.0.0.0 Sa', '154.72.150.177', 'Accept-Language: en-US,en;q=0.9,fr;q=0.8', '2024-04-07 15:42:42'),
('Z3YPVf4F', 'Mozilla/5.0 (Linux; Android 10; K) AppleWebKit/537.36 (KHTML, like Gecko) Chrome/123.0.0.0 Mobile Sa', '41.202.219.69', 'Accept-Language: fr-FR,fr;q=0.9,en-US;q=0.8,en;q=0.7', '2024-05-30 01:54:28'),
('Z4fyBZx3', 'Mozilla/5.0 (Windows NT 10.0; Win64; x64) AppleWebKit/537.36 (KHTML, like Gecko) Chrome/124.0.0.0 Sa', '23.228.131.196', 'Accept-Language: en-US,en;q=0.9', '2024-05-25 18:43:32'),
('z54MziX1', 'WhatsApp/2.24.6.77 i', '102.244.223.202', 'Accept-Language: fr-FR,fr;q=0.9', '2024-04-07 15:31:08'),
('Z9bY39CK', 'Mozilla/5.0 (Linux; Android 7.0; SM-G930V Build/NRD90M) AppleWebKit/537.36 (KHTML, like Gecko) Chrom', '74.125.212.37', 'Accept-Language: en-US', '2024-04-16 20:31:11'),
('Z9WP6xXJ', 'Mozilla/5.0 (X11; Linux x86_64) AppleWebKit/537.36 (KHTML, like Gecko) Chrome/122.0.0.0 Safari/537.3', '154.72.150.225', 'Accept-Language: en-US,en;q=0.9,fr;q=0.8', '2024-03-31 12:40:21'),
('Zc8SHmKM', 'DuckDuckGo/5 (com.duckduckgo.mobile.android; Android API 30)', '154.72.150.161', NULL, '2024-04-09 07:17:20'),
('Zgc0ZIyD', 'Mozilla/5.0 (Windows NT 10.0; Win64; x64; rv:125.0) Gecko/20100101 Firefox/125.0', '154.72.150.201', 'Accept-Language: fr,fr-FR;q=0.8,en-US;q=0.5,en;q=0.3', '2024-04-05 00:17:08'),
('ZGmigaXe', 'DuckDuckGo/5 (com.duckduckgo.mobile.android; Android API 30)', '154.72.150.177', NULL, '2024-03-31 15:16:22'),
('zis61WHm', 'Mozilla/5.0 (Linux; Android 8.0.0; Pixel 2 XL Build/OPD1.170816.004) AppleWebKit/537.36 (KHTML, like', '62.231.75.200', 'Accept-Language: ro-RO,ro;q=0.9,en-US;q=0.8,en;q=0.7', '2024-03-24 23:14:27'),
('zkqVfLwx', 'DuckDuckGo/5 (com.duckduckgo.mobile.android; Android API 30)', '154.72.150.155', NULL, '2024-04-02 16:22:15'),
('zmNE8EQQ', 'Mozilla/5.0 (Windows NT 10.0; Win64; x64) AppleWebKit/537.36 (KHTML, like Gecko) Chrome/89.0.4389.90', '72.252.112.162', NULL, '2024-04-29 16:22:27'),
('zNL3xQ6S', 'DuckDuckGo/5 (com.duckduckgo.mobile.android; Android API 30)', '154.72.150.227', NULL, '2024-04-01 23:50:32'),
('zOFV6iys', 'MobileSafari/8616.2.9.10.13 CFNetwork/1485 Darwin/23.1.0', '102.244.222.42', 'Accept-Language: fr-FR,fr;q=0.9', '2024-04-07 09:19:09'),
('ZOSygkBh', 'Mozilla/5.0 (Windows NT 10.0; Win64; x64; rv:128.0) Gecko/20100101 Firefox/128.0', '154.72.169.76', 'Accept-Language: en-US,en;q=0.5', '2024-07-01 13:40:35'),
('ZP5986ij', 'Mozilla/5.0 (Linux; Android 7.0; SM-G930V Build/NRD90M) AppleWebKit/537.36 (KHTML, like Gecko) Chrom', '74.125.212.36', 'Accept-Language: en-US', '2024-04-16 20:32:30'),
('ZQDO9XQU', 'Mozilla/5.0 (Linux; Android 7.0; SM-G930V Build/NRD90M) AppleWebKit/537.36 (KHTML, like Gecko) Chrom', '74.125.212.38', NULL, '2024-04-06 19:31:56'),
('Zqqvddf6', 'Mozilla/5.0 (Linux; Android 10; K) AppleWebKit/537.36 (KHTML, like Gecko) Chrome/122.0.0.0 Mobile Sa', '87.101.93.214', 'Accept-Language: en-US,en;q=0.9,fr-FR;q=0.8,fr;q=0.7', '2024-03-24 23:01:42'),
('ZqRXBjZ8', 'Mozilla/5.0 (Linux; Android 10; K) AppleWebKit/537.36 (KHTML, like Gecko) Chrome/122.0.0.0 Mobile Sa', '87.101.93.214', 'Accept-Language: en-US,en;q=0.9,fr-FR;q=0.8,fr;q=0.7', '2024-03-24 23:00:46'),
('ZRGECv59', 'DuckDuckGo/5 (com.duckduckgo.mobile.android; Android API 30)', '154.72.150.227', NULL, '2024-04-01 23:19:19'),
('zsiseMiQ', 'Mozilla/5.0 (Linux; Android 10; K) AppleWebKit/537.36 (KHTML, like Gecko) Chrome/121.0.0.0 Mobile Sa', '67.219.192.36', 'Accept-Language: en-US,en;q=0.9', '2024-03-24 23:01:27'),
('ZT1kuKJf', '', '15.235.15.135', NULL, '2024-04-30 02:32:33'),
('zVOpc7T1', 'Mozilla/5.0 (Linux; Android 11; 21061119DG) AppleWebKit/537.36 (KHTML, like Gecko) Chrome/92.0.4515.', '129.0.76.76', 'Accept-Language: en-US,en;q=0.9,fr-FR;q=0.8,fr;q=0.7', '2024-03-26 13:10:15');

--
-- Indexes for dumped tables
--

--
-- Indexes for table `downloads`
--
ALTER TABLE `downloads`
  ADD PRIMARY KEY (`id`),
  ADD KEY `user_id` (`user_id`);

--
-- Indexes for table `redirections`
--
ALTER TABLE `redirections`
  ADD PRIMARY KEY (`id`),
  ADD KEY `visitor_id` (`visitor_id`);

--
-- Indexes for table `remember_me`
--
ALTER TABLE `remember_me`
  ADD PRIMARY KEY (`id`),
  ADD KEY `user_id` (`user_id`);

--
-- Indexes for table `share_links`
--
ALTER TABLE `share_links`
  ADD PRIMARY KEY (`id`),
  ADD KEY `user_id` (`user_id`);

--
-- Indexes for table `users`
--
ALTER TABLE `users`
  ADD PRIMARY KEY (`id`),
  ADD UNIQUE KEY `username` (`username`);

--
-- Indexes for table `users_notes`
--
ALTER TABLE `users_notes`
  ADD PRIMARY KEY (`id`),
  ADD KEY `user_id` (`user_id`);

--
-- Indexes for table `visitors`
--
ALTER TABLE `visitors`
  ADD PRIMARY KEY (`id`);

--
-- Constraints for dumped tables
--

--
-- Constraints for table `downloads`
--
ALTER TABLE `downloads`
  ADD CONSTRAINT `downloads_ibfk_1` FOREIGN KEY (`user_id`) REFERENCES `users` (`id`);

--
-- Constraints for table `redirections`
--
ALTER TABLE `redirections`
  ADD CONSTRAINT `redirections_ibfk_1` FOREIGN KEY (`visitor_id`) REFERENCES `visitors` (`id`);

--
-- Constraints for table `remember_me`
--
ALTER TABLE `remember_me`
  ADD CONSTRAINT `remember_me_ibfk_1` FOREIGN KEY (`user_id`) REFERENCES `users` (`id`);

--
-- Constraints for table `share_links`
--
ALTER TABLE `share_links`
  ADD CONSTRAINT `share_links_ibfk_1` FOREIGN KEY (`user_id`) REFERENCES `users` (`id`);

--
-- Constraints for table `users_notes`
--
ALTER TABLE `users_notes`
  ADD CONSTRAINT `users_notes_ibfk_1` FOREIGN KEY (`user_id`) REFERENCES `users` (`id`);
COMMIT;

/*!40101 SET CHARACTER_SET_CLIENT=@OLD_CHARACTER_SET_CLIENT */;
/*!40101 SET CHARACTER_SET_RESULTS=@OLD_CHARACTER_SET_RESULTS */;
/*!40101 SET COLLATION_CONNECTION=@OLD_COLLATION_CONNECTION */;
